-3.9657316E-4	-3.9124565E-4	-1.827822E-4	-3.1549716E-4	2.8084323E-5	2.8149548E-4	-2.53033E-4	2.8802422E-4	-3.39251E-5	-2.5406378E-4	4.0329143E-4	-1.3791541E-4	1.325485E-4	2.1389448E-4	1.1051166E-4	-2.724883E-4	4.19123E-5	1.0928431E-5	1.6560793E-4	3.9954402E-4	-6.137978E-5	2.693256E-4	-1.030387E-4	2.1983581E-4	-3.5827266E-4	3.0181295E-4	3.495427E-4	-3.524222E-4	3.4830847E-4	5.203279E-5	-1.6920101E-6	3.6526634E-4	-3.9668838E-4	1.2082127E-5	-3.187537E-4	3.4675584E-4	3.825836E-5	2.2755763E-4	4.934564E-5	3.3082863E-4	3.5038855E-4	-1.4325211E-4	-3.1668314E-4	-1.2074962E-4	-3.0576927E-4	6.226147E-5	-3.454539E-4	-3.7408344E-4	-3.689569E-4	1.2639804E-4	3.3315748E-4	1.4835513E-4	2.9128228E-4	-1.7236007E-4	3.0513713E-4	-3.4230808E-4	4.1382365E-5	-1.09829314E-4	3.311836E-4	3.6718627E-4	-3.6568716E-4	1.8054109E-4	-4.1830543E-5	-1.9734753E-4	-2.7575064E-4	3.1123194E-4	-2.0086358E-4	2.9270796E-4	-1.9333915E-5	1.0997382E-4	9.486721E-5	2.9878085E-4	1.1137459E-4	-3.39806E-4	3.1746793E-4	1.6847212E-4	1.02301055E-4	2.733999E-4	1.4059972E-4	3.0235416E-5	-8.502307E-5	-1.0170726E-4	-3.3816817E-4	1.532642E-4	1.1556983E-4	3.4309478E-4	3.7567585E-4	1.01449245E-4	-2.6426723E-4	1.8986879E-4	-3.8315676E-4	-3.1570546E-4	-1.8535201E-4	1.6698263E-4	-1.7752209E-4	1.451501E-4	2.046625E-5	-2.3080887E-4	-3.7820736E-4	2.9420448E-4	-5.2260628E-5	-3.7510876E-4	1.0896119E-4	1.9498199E-4	-1.6972535E-4	2.873626E-4	1.448102E-4	-1.08787055E-4	-9.262867E-5	-3.524189E-4	1.02041246E-4	-9.077151E-5	2.6963314E-4	-2.876372E-4	-1.4583879E-4	-1.7858941E-4	2.618348E-4	3.030504E-4	2.098323E-4	-3.0783075E-4	3.9878758E-4	1.0328899E-4	2.2528115E-4	2.3926776E-4	-1.05620646E-4	3.7177277E-4	1.7520157E-4	2.6817244E-4	4.989498E-5	3.045823E-4	-4.1144068E-4	-3.9493648E-4	-3.39863E-5	-2.2275401E-4	-2.0462305E-4	2.2746985E-4	4.994195E-5	3.487726E-4	-3.5607556E-4	-3.891495E-4	-1.0968953E-5	-9.044046E-5	-1.6747517E-4	1.1041265E-4	-4.0507567E-4	-3.5893868E-4	6.3316285E-5	-2.0191894E-4	3.4646282E-4	-2.0253532E-4	2.5899531E-5	-1.9193414E-4	3.9872277E-4	1.9473831E-4	3.6062513E-4	3.6457763E-4	2.160052E-4	3.5977576E-4	2.7419286E-4	3.527424E-4	1.4473603E-4	3.38841E-4	1.2507258E-5	9.2963935E-5	-3.4570642E-4	-5.1270756E-5	3.015872E-4	8.864149E-5	-3.8371386E-4	-1.7775496E-4	-3.6168367E-5	-3.42357E-4	1.8863135E-4	-2.1612896E-4	-2.8565177E-4	-2.0922953E-4	3.536514E-4	2.9118458E-4	-2.4097635E-4	8.4911E-5	1.3705035E-4	1.4185546E-5	3.2832348E-5	2.044903E-5	2.067182E-4	2.0150875E-4	1.00788304E-4	-3.4094887E-4	3.5879225E-4	3.6621565E-4	1.21620185E-4	1.2945507E-4	1.6154212E-4	-1.6733995E-4	3.235901E-5	-1.1271182E-4	-2.6173814E-4	1.4160246E-4	-2.0953788E-5	3.879924E-4
3.8025787E-4	-5.4110857E-5	2.9367086E-4	3.56158E-4	-3.5676017E-4	2.820792E-4	1.3014929E-4	3.3608513E-4	2.3728177E-4	4.0350534E-4	8.460578E-6	-4.006172E-4	3.9649624E-4	-2.217913E-4	-3.6515365E-4	3.426552E-4	-3.6104908E-4	-2.8299983E-4	-1.06375104E-4	3.704487E-4	-6.1030223E-5	3.785075E-4	1.51620025E-5	2.3497469E-5	-1.28476595E-5	-3.5136886E-4	3.0968472E-4	3.6507729E-4	-5.245354E-5	3.808267E-4	1.0673574E-4	-2.3420228E-4	-4.0585044E-4	-3.5158993E-4	-2.7489147E-4	-1.6464722E-4	-9.2054535E-5	-1.6346102E-4	8.688809E-5	-2.9169535E-4	1.6710517E-4	-8.616935E-5	3.381749E-5	8.139726E-5	1.7296632E-4	2.797873E-4	3.972062E-5	-2.8933526E-4	3.912887E-4	-9.603278E-5	1.7123639E-4	2.8995797E-4	-4.1185136E-5	-1.7386027E-4	1.3301661E-5	-2.3653365E-4	-2.485847E-4	-3.7139477E-4	2.1644564E-4	1.0877483E-4	-5.3044598E-5	8.7682805E-5	-6.717773E-5	-3.300092E-4	7.8097626E-5	-1.3044424E-4	-2.9173001E-5	4.10798E-4	-2.9347674E-4	-1.1663408E-4	-2.5235832E-4	-4.6604677E-5	1.0802677E-4	3.7659127E-5	-1.5310135E-4	7.356961E-5	-2.5978367E-4	9.52085E-5	-1.2448724E-4	-3.124161E-4	5.192887E-5	-2.3466398E-4	-1.5149161E-5	-3.72864E-4	-1.7589542E-4	-3.6143966E-4	-3.236211E-4	-3.3661412E-4	-3.440492E-5	-2.9161383E-5	9.774576E-5	-6.505187E-5	2.3313491E-4	1.6660897E-5	-2.5573872E-5	3.5762714E-4	-3.669013E-4	2.8014896E-4	2.2195363E-4	3.102989E-4	-3.1601454E-4	1.4712523E-4	2.508968E-4	-1.608061E-4	-3.8684558E-4	1.8286055E-4	1.4015155E-4	1.6790464E-6	3.8916199E-4	-3.009281E-4	1.05870975E-4	-1.17842086E-4	1.663131E-4	-1.06677806E-4	2.2583567E-4	3.3163393E-4	-1.6684955E-4	-3.9808027E-4	-3.609934E-4	-1.2853162E-4	1.6017175E-4	-2.4528374E-4	2.2493144E-4	-1.2443383E-4	5.2130228E-5	-3.5923123E-4	-6.52211E-5	6.0271697E-5	2.621106E-4	-7.5361146E-5	-2.9147766E-4	1.6300278E-4	-3.6015798E-4	3.475262E-4	1.9821915E-4	2.5628965E-6	-1.942912E-4	-1.9505317E-4	-2.0470565E-4	-1.6309183E-4	-1.2764698E-4	-3.728518E-4	-2.0509372E-4	2.6758967E-4	3.172609E-4	-1.2840403E-4	-1.5076048E-4	-2.2589332E-4	1.4881026E-4	-2.9351725E-4	7.57555E-6	4.1102356E-4	-3.5778672E-4	1.8284377E-4	-1.5923848E-4	2.7693273E-4	-2.2255768E-4	-3.7818434E-4	-3.4785585E-4	1.0454931E-4	7.294712E-5	-2.8792175E-4	1.825562E-4	1.13477145E-4	6.799933E-5	-1.6296093E-5	-1.0816955E-4	-6.381953E-5	1.5738222E-4	2.3364415E-4	-3.9934312E-4	7.9729034E-5	3.2674742E-4	-2.6557996E-4	-2.3132145E-4	-3.4019616E-4	-4.020292E-4	-3.9418024E-4	3.7917672E-4	-1.656965E-4	-1.5459463E-4	1.414492E-4	2.544372E-4	-8.056125E-5	6.534332E-5	2.1700018E-4	2.714859E-4	3.8024267E-5	-1.6591286E-4	-4.0107607E-4	-2.4396037E-4	8.099484E-5	-4.1394317E-4	3.8454844E-5	1.306857E-4	3.3534E-5	6.1596125E-5	5.047447E-5	-3.2550315E-4	3.299353E-4
-5.8587953E-5	-2.9294746E-4	3.6304543E-4	1.7220427E-4	3.552374E-4	1.06673404E-4	-3.396902E-4	4.0613828E-4	-4.128738E-4	2.2881116E-4	2.682452E-4	7.149939E-5	1.420152E-4	-2.023519E-4	-1.9570916E-4	3.07458E-4	-1.3369645E-4	-2.4405119E-4	8.395889E-5	-1.8626964E-4	3.0526257E-4	-3.5785866E-4	-5.9031318E-5	2.986068E-4	2.479854E-4	1.795865E-4	-5.1413535E-5	-3.179123E-4	-2.7346058E-4	2.7756504E-4	3.7790195E-4	-4.1238432E-5	3.113497E-4	-2.63592E-4	-7.493572E-5	2.9710264E-4	-2.9875623E-4	-2.9392572E-4	-3.2772715E-4	-3.6743903E-4	-1.0659542E-4	-3.4806304E-5	4.464339E-5	-3.7768675E-4	-2.1969872E-4	3.295051E-5	2.3220462E-4	-1.3084954E-4	3.0725778E-4	-9.631103E-5	3.0065505E-4	-2.1939486E-4	-2.1168904E-4	3.0036113E-5	-1.7524278E-4	-4.0665595E-4	3.3737707E-4	-1.306065E-4	-9.389165E-5	4.458954E-5	-2.6723495E-4	-2.5252486E-4	3.6235E-4	-3.6736144E-4	-1.1604511E-4	-2.4841476E-4	-7.280799E-5	2.1930524E-4	3.4174876E-4	2.0617663E-4	-3.2542134E-4	-1.8147912E-4	-3.7370852E-4	-2.565917E-4	3.5394094E-4	2.0474555E-4	1.09499364E-4	-2.6580188E-4	-2.6853316E-4	-2.846262E-4	-8.043585E-5	3.6119248E-4	-1.0418139E-5	-4.818929E-5	3.476669E-4	-5.4962897E-5	-3.7739475E-4	-2.442658E-4	-8.791402E-5	-4.215245E-5	-1.5680028E-4	-1.3342996E-4	-2.4791516E-4	-1.9802015E-4	4.128633E-4	3.3152284E-4	1.5476347E-5	2.6338352E-4	-6.335283E-5	1.9169679E-4	5.7236575E-5	-2.246637E-4	-3.3358755E-4	-1.3740662E-4	9.169124E-5	-7.685916E-5	-1.3161596E-4	-2.7991654E-4	-2.6600976E-5	-2.6274734E-4	3.7984198E-4	3.9892748E-4	1.7530909E-4	-3.3536507E-4	-3.2990042E-4	4.1062158E-4	1.417348E-4	2.2981314E-5	3.8533306E-4	-1.8303531E-4	-3.3870438E-4	-1.01292084E-4	6.0553753E-6	-1.0594918E-4	-2.9930932E-4	2.6507268E-4	-3.948687E-4	1.6626227E-4	-2.2839665E-4	-2.472073E-6	3.7133167E-4	-1.8940712E-4	1.2434066E-4	-1.9830606E-5	3.2872573E-4	-2.9530062E-4	-5.1869506E-6	-2.2906014E-4	3.8206126E-4	2.4869028E-4	3.8587977E-4	-3.437198E-5	3.074828E-4	3.4131555E-4	-5.2320207E-5	1.4179012E-4	-7.495809E-5	2.5901635E-4	1.0518132E-4	-2.485328E-4	-3.4078947E-4	-1.6700914E-4	-3.222028E-4	-3.9223552E-4	-4.9846676E-5	3.167788E-4	2.2083928E-4	-9.3634225E-7	2.1972906E-4	-3.5177817E-4	1.0969653E-4	1.4055287E-4	-1.8547192E-4	9.5480944E-5	-8.541746E-5	-2.9244632E-4	-3.2658732E-4	1.9836623E-5	4.1351083E-4	3.3703094E-5	3.460411E-4	2.88585E-4	-2.7383707E-4	4.0019455E-4	1.1224036E-4	3.7746437E-4	2.9818676E-4	3.9590108E-5	2.153456E-4	-9.035203E-5	3.0089557E-4	-8.64812E-5	-2.5711907E-4	3.857754E-4	-9.4532596E-5	1.869857E-4	-3.2632702E-4	3.2119325E-4	3.4366827E-4	-5.901369E-5	3.6304526E-4	9.827809E-5	-1.2207704E-4	3.4469768E-4	9.493741E-5	-3.430348E-4	3.2201802E-4	8.242836E-5	2.0500393E-5	-2.4395145E-5
2.9067628E-4	2.5293455E-4	4.0047766E-5	-1.0211301E-4	-2.8531198E-4	4.0852092E-4	3.9123875E-5	2.9250074E-4	-1.4996443E-4	-3.3765918E-4	1.3100187E-4	-1.6078516E-4	-3.86196E-4	1.16387404E-4	3.1960255E-4	9.197851E-5	3.983619E-4	2.0907205E-4	3.3075205E-5	3.3105572E-4	-9.76315E-6	3.9480682E-4	1.0429113E-4	6.751776E-5	-2.0163385E-4	-3.4520036E-4	6.492217E-5	-1.481987E-4	3.3336005E-4	-1.0464537E-4	3.5591246E-4	3.2655423E-4	-4.6056957E-7	-3.244858E-4	2.535823E-4	1.8103147E-4	1.0125154E-4	-3.708183E-4	1.9379631E-4	2.3414231E-4	-1.0462512E-4	2.9175365E-4	3.9171745E-4	1.6010964E-4	2.6062216E-5	-7.194471E-5	-2.5914382E-4	3.9052198E-4	-2.7247207E-4	-1.2006657E-5	6.0784274E-5	1.9579671E-5	-6.191099E-5	-2.8782105E-4	4.0213633E-4	-3.4511072E-4	-3.0612494E-4	1.7505214E-5	-2.9571916E-4	8.114789E-7	-2.7252993E-4	2.58754E-4	-4.0703831E-4	1.18990494E-4	-4.0880402E-4	2.9203662E-4	3.9752788E-4	-3.6037865E-4	2.3490727E-4	-1.15250405E-4	2.712834E-4	1.1440552E-4	-3.635131E-4	1.7709023E-4	-3.390647E-4	-2.6830423E-4	2.1050997E-4	2.717772E-4	-2.8923387E-4	3.7390486E-4	1.9764959E-5	2.9508548E-4	-1.5942437E-4	2.854111E-4	-2.7687868E-4	3.5717172E-4	-3.8742804E-4	-3.446742E-4	-2.0669927E-4	1.1807103E-4	3.574032E-4	2.0009765E-4	1.6890388E-4	-3.4196928E-4	-2.574898E-4	2.1521104E-4	-1.8112613E-4	-2.9320494E-4	-4.170322E-5	-2.8018616E-4	9.143881E-5	1.3979692E-4	-3.406641E-4	1.6858529E-4	3.404036E-5	-2.5976234E-4	2.0275808E-4	-4.3300286E-5	-1.898198E-5	1.2294725E-5	-6.382232E-5	3.6013225E-4	-3.1044902E-4	-4.0418375E-4	1.8816692E-4	-2.1771598E-4	-2.8641222E-4	-2.3183048E-4	2.4121611E-4	1.0761372E-5	-1.5694916E-4	-1.4902178E-4	-2.6818048E-4	-1.8866218E-6	9.951788E-5	-3.1073036E-4	1.2806906E-4	-2.1661015E-4	-3.643229E-4	2.0735989E-4	3.140405E-4	1.4538228E-4	1.4732989E-4	-5.269714E-5	2.2283569E-4	-3.603833E-4	-2.0960419E-4	4.660589E-5	-1.4820384E-4	-1.5672342E-6	1.2738506E-4	2.9683608E-4	-3.7307167E-5	-2.8005938E-4	-1.7650472E-4	8.934035E-5	1.7001292E-4	-3.0961432E-4	3.2044353E-4	-4.0400922E-4	-4.7806465E-5	1.3872058E-4	1.6066134E-4	1.7511281E-4	-1.869024E-4	-4.1414355E-4	-3.6066046E-4	1.8198272E-4	3.9591713E-4	-3.5081865E-4	2.377559E-4	2.7445192E-4	3.832131E-4	-9.397056E-5	-1.0829245E-4	3.2118594E-4	-1.7296235E-4	-3.3322413E-4	1.536782E-4	4.123513E-4	3.6972793E-4	-4.9508817E-5	2.5690382E-4	3.09486E-4	-2.1366261E-4	-1.2272701E-4	2.3985133E-4	7.31219E-5	-2.2167267E-4	3.3118698E-4	1.0096679E-4	-1.7357896E-5	5.6890945E-5	3.6456442E-4	3.1089896E-4	-2.172592E-4	-2.715536E-4	-1.9163266E-5	-1.3670542E-4	-2.1058835E-4	3.4298704E-5	1.9060523E-4	-3.6670858E-4	-5.7093846E-5	2.4743038E-4	-1.5879127E-4	4.0488172E-4	4.0276247E-4	3.32117E-4	2.8141015E-4
2.922104E-4	1.5977146E-4	-2.9803213E-4	-1.1321434E-4	1.5043512E-4	1.1615378E-4	2.0848749E-4	3.6159367E-5	-1.9206735E-5	-2.827675E-4	-3.8562674E-4	1.3128194E-4	-2.4980155E-4	2.5288347E-4	2.3429327E-4	-6.855581E-5	2.5221214E-4	1.3306853E-4	6.394304E-5	2.3878888E-4	3.4098487E-4	4.5357592E-5	-3.5170995E-4	-1.3766967E-4	-3.670351E-5	5.264587E-5	1.3524117E-5	-3.0373665E-5	-1.9212656E-4	-1.8232255E-4	-2.2710877E-4	-1.64692E-4	-5.5167133E-5	-4.018269E-5	2.5973588E-4	1.20706914E-4	-1.9503113E-4	3.500161E-4	3.6494064E-5	2.7144013E-4	6.785317E-5	-2.8568073E-4	-2.568071E-4	3.692381E-4	-1.3523245E-4	-1.5491716E-4	1.5258456E-4	-1.7080846E-4	-3.200432E-4	3.8093026E-4	-2.0399914E-4	-3.7639373E-4	-2.7938696E-4	-1.9462021E-4	2.6511544E-4	-3.0062953E-4	3.6112533E-4	-2.0518298E-4	-1.9601026E-5	3.4022122E-4	-3.2572966E-4	1.4613304E-4	2.2952746E-4	2.0381653E-4	3.4893738E-4	-1.8977361E-4	-5.939849E-5	1.8743346E-4	3.286765E-4	-3.619267E-4	-2.5661025E-4	-1.4554815E-4	-2.0993856E-4	-3.694049E-5	-1.3059625E-4	-1.3310483E-4	-2.3917619E-5	3.8130733E-4	4.0019845E-4	-3.755393E-4	-2.4112957E-4	3.707755E-4	5.6202494E-5	2.5506128E-4	-3.68067E-4	-9.02193E-5	-3.383525E-4	3.943224E-4	3.925758E-4	-2.8003406E-4	2.9033714E-4	1.4521803E-4	-2.424362E-4	-5.6007168E-5	-1.3223395E-4	-4.2000123E-5	-1.2983434E-4	-2.530022E-4	1.1547148E-4	3.4141145E-4	-3.8540628E-4	-2.692367E-4	-3.1703795E-4	5.1179697E-5	8.122773E-5	-4.121001E-4	3.8245568E-4	1.787228E-4	7.944151E-5	2.0764666E-4	-2.9922198E-6	3.5366823E-4	3.090056E-4	-1.9067136E-4	3.6123564E-4	1.2996788E-4	1.844503E-4	2.5379265E-4	-3.7731216E-4	1.3950035E-4	5.704677E-5	2.9528202E-4	-1.4838042E-4	2.42344E-4	-3.359367E-4	4.0162823E-4	1.3289684E-4	-3.6275733E-4	1.8162878E-4	1.09494125E-4	-2.4611774E-4	-1.3735378E-4	-8.123467E-5	-2.56201E-4	-3.912409E-4	3.6106532E-4	-1.0097617E-4	-1.7725167E-4	1.7291005E-4	4.821918E-5	1.907331E-4	1.5771817E-4	6.825587E-5	1.4852769E-4	3.0793668E-5	3.742791E-4	3.9070027E-4	3.0609913E-4	2.3345303E-4	-3.9428426E-4	3.3137604E-4	-3.5928428E-4	-3.9649517E-6	3.2123324E-4	-2.6438816E-4	-4.060765E-4	1.149133E-4	-2.1102527E-4	1.9176563E-4	-2.8271833E-4	3.7721454E-4	-1.7195639E-4	-4.1251638E-4	-3.1407512E-4	9.495362E-5	-1.6537071E-4	-3.5025147E-4	-1.3908709E-4	1.5214064E-4	-2.4199592E-4	-1.7692475E-4	3.2535114E-4	-2.7689198E-4	-1.8955002E-4	-1.6430869E-4	-3.778396E-4	-1.17001626E-4	1.472376E-4	-2.8455327E-6	2.2116436E-4	-3.6542182E-4	-3.1703076E-4	-2.7507238E-4	2.2808493E-4	2.6011458E-4	-3.3422283E-4	-2.7813175E-4	-4.0888245E-4	-7.766551E-5	-1.693316E-4	2.1572382E-4	-1.8734817E-4	2.5507412E-4	-9.383033E-5	2.3288584E-4	2.627293E-4	1.1943589E-4	-2.3312813E-4	-3.6447478E-4	-3.360242E-7
-1.19258315E-4	2.8734215E-4	-1.7106153E-4	-4.039692E-4	2.0964932E-5	-2.60948E-4	-2.5358846E-4	-1.5735377E-4	-2.9257935E-4	1.748476E-4	5.3404245E-5	2.3895479E-4	7.779481E-5	-5.1059204E-5	-8.004773E-5	-6.484371E-5	-2.2603977E-5	-4.0361742E-4	5.927545E-6	-8.0383084E-5	3.9209603E-4	4.157056E-5	-2.982569E-4	2.3094557E-5	-3.781425E-5	2.3152486E-4	-3.4300334E-4	2.8210817E-4	-5.5799897E-5	3.5107046E-4	3.604352E-5	-5.8685673E-5	5.2090858E-5	3.5198958E-4	-2.3129843E-4	3.1008106E-4	4.0605344E-4	-1.2844104E-4	2.8616568E-4	-1.02280625E-4	-2.8822865E-4	-9.398952E-5	3.0461597E-4	-1.8964542E-4	-1.1829374E-4	2.0526486E-4	-1.411618E-4	2.233444E-4	-2.5799486E-4	9.541697E-5	-1.2592191E-4	3.023486E-4	3.4618872E-4	-3.4114736E-4	8.567742E-5	3.3188076E-4	2.8350585E-5	-8.212739E-5	3.1483202E-4	1.5364557E-4	-3.9073144E-4	-1.4205174E-4	4.005418E-4	-8.943631E-5	-2.1539602E-4	-3.4176605E-4	-1.0142208E-4	3.62875E-5	-3.0480824E-6	2.9343812E-4	1.0784442E-4	3.3123535E-5	8.24945E-5	1.2345015E-4	-3.9319592E-4	9.0832145E-5	1.5940882E-4	1.8951748E-4	-1.1942895E-4	3.2965874E-4	-1.9084338E-4	-1.7637957E-4	-3.3129676E-4	7.4749085E-5	-2.885795E-4	2.0134824E-4	-1.8104711E-4	-2.1862691E-4	1.6099463E-4	-3.119039E-4	1.900422E-4	2.758271E-4	3.1783697E-4	1.1362685E-4	-2.1080025E-4	2.1051163E-4	-3.9855408E-4	2.95787E-4	-1.11074616E-4	-1.2340765E-5	4.003923E-4	-1.5289993E-4	2.1734985E-4	3.4410335E-4	-5.546503E-5	8.686737E-5	-2.1093032E-4	-3.7362135E-4	3.8587072E-4	-9.018773E-5	1.8116869E-5	-3.681381E-4	-1.4151505E-5	3.9740073E-4	-3.6843657E-4	2.8010883E-4	-3.0666062E-5	1.0825899E-4	1.5534574E-4	3.2224235E-4	1.8449384E-4	-3.456339E-4	-2.5875674E-4	2.5740583E-4	-1.687304E-4	1.0192456E-4	7.3536794E-5	1.9229644E-4	3.1657863E-4	3.1299613E-5	-3.7080605E-4	-3.3363246E-4	1.00411686E-4	3.4962976E-4	2.0567163E-4	-1.2651585E-5	-3.9781566E-4	-1.5619316E-4	-3.6701138E-4	2.2710701E-4	3.4084785E-4	6.352573E-5	-7.469315E-5	1.776793E-4	-2.3481922E-4	1.2381014E-4	-1.2700085E-4	-2.1423542E-4	-3.7729178E-4	-3.667675E-4	-3.5355825E-4	1.4069928E-4	1.8717404E-4	-3.770693E-4	-3.911001E-4	-3.554813E-4	1.8136381E-5	-3.2013184E-5	-2.0942793E-4	-3.2072025E-4	-2.9289024E-4	-3.2039572E-4	1.5920778E-4	3.63283E-5	4.2198695E-5	-1.8881122E-4	2.4472323E-4	-1.0154909E-4	5.009735E-5	1.7000768E-4	-7.0898706E-5	1.8606208E-4	2.9205388E-4	-9.563479E-5	-3.7311827E-4	-3.1190997E-4	-2.557682E-4	-2.3320504E-4	-1.6827194E-4	-8.8331406E-5	4.649124E-6	3.6716487E-4	8.885439E-5	-1.5195272E-5	-3.5802726E-4	-1.5293193E-4	3.4835146E-4	2.675854E-4	1.159109E-4	-3.5001506E-4	-3.932414E-4	-2.4397077E-5	3.5768244E-4	-2.1302784E-4	-2.2360287E-4	-1.119313E-4	-2.7035762E-4	-2.607022E-4	-4.040572E-6	-9.125579E-6
-1.526969E-4	-2.57797E-4	3.2801964E-4	1.9953777E-4	-3.9601346E-4	2.6090353E-4	-8.7186774E-5	-1.7636007E-4	-4.0776006E-4	-1.9380115E-5	1.1271221E-4	2.5467557E-4	-3.6915086E-4	-4.082376E-4	3.5137992E-4	-3.554613E-4	3.653402E-4	6.718898E-5	2.6691754E-4	-1.6101747E-4	-3.656549E-4	-2.7343628E-4	2.5415517E-4	-2.2131822E-4	1.7790793E-4	-8.038627E-5	3.485841E-4	-3.6970904E-4	-3.490393E-5	-3.8987382E-5	-4.078486E-4	1.3893865E-4	-2.7563074E-4	-2.0456534E-4	-2.2697622E-4	-2.7523082E-4	-2.7355854E-4	-2.668848E-4	3.8205055E-4	-7.1813425E-5	2.4149474E-4	-1.7080759E-4	4.1103375E-4	1.7470257E-4	-3.5307086E-5	-7.42711E-5	-2.0309346E-4	1.540624E-4	-5.6733115E-6	-1.9491084E-4	-5.0415823E-5	6.992961E-5	-2.9566608E-4	7.9395315E-5	-2.7567966E-4	1.17839525E-4	1.2739295E-4	-1.6981781E-4	-2.0864363E-5	1.8794498E-4	2.7588545E-4	1.2794921E-4	-2.2787071E-4	-1.6609744E-4	-3.249612E-5	-3.7722828E-4	-1.3864269E-4	-1.5648418E-5	-1.5946732E-4	3.1277246E-4	-2.4010598E-4	2.5152313E-4	-3.8586956E-4	8.870594E-5	-2.971047E-4	-8.501584E-5	1.7508564E-5	2.1939716E-4	1.896886E-7	-3.5479866E-4	1.6228975E-4	-3.6666705E-4	2.0964784E-4	-4.057976E-4	-2.8507953E-4	3.2108233E-4	-2.0002775E-4	8.781502E-5	7.1519076E-5	-3.5312065E-4	2.338073E-4	-2.505174E-4	3.6011077E-4	6.5920525E-5	2.5167814E-4	2.6668463E-4	9.9590194E-5	3.1802972E-4	-1.0388811E-4	2.9483272E-4	-2.4084796E-4	-3.5441498E-4	-1.6345271E-4	-3.3768933E-4	-1.5525079E-4	-2.799002E-4	2.2616785E-4	-3.346694E-4	-3.1661202E-4	-3.3536475E-4	-2.4860652E-4	9.896133E-5	1.8058559E-4	-8.940865E-5	6.502039E-5	3.1510073E-5	-1.1384151E-4	-2.9563784E-4	-3.4669574E-4	2.2679243E-4	-4.327676E-5	3.2291695E-4	-3.1374316E-4	-3.15684E-4	-3.6305646E-4	3.0338439E-5	2.6867475E-4	-6.0754748E-5	4.0486586E-4	-2.5209857E-4	4.5727433E-5	2.363066E-4	2.7367735E-4	1.732052E-4	-1.0478598E-4	3.859199E-4	-3.561736E-4	-2.8493037E-4	3.700473E-4	2.6967956E-4	-3.9794206E-5	2.338779E-4	3.5811428E-4	-1.4491823E-4	-3.8559732E-4	4.1385583E-4	9.54795E-5	2.350002E-4	-1.5819934E-4	5.946394E-6	-3.9152725E-4	2.9136793E-4	-2.0533064E-4	-3.603489E-4	2.9109156E-5	1.114148E-4	-1.0090023E-4	-2.618192E-4	-3.8655853E-4	-5.6496683E-5	1.21812554E-4	-3.1191952E-4	-1.5174421E-4	-6.482608E-5	-3.133001E-4	1.1468942E-4	-2.3310579E-4	-2.794403E-4	-2.6651445E-5	1.7955493E-4	-5.1980773E-5	-8.035228E-5	2.2230165E-4	2.9557938E-4	2.8349407E-4	-2.8406174E-4	-8.9788664E-5	1.1126739E-5	3.8233682E-4	9.2659255E-5	2.592279E-4	-2.2692817E-4	8.773031E-5	-2.9028022E-5	3.7628855E-5	-3.1105234E-4	-2.4196901E-4	-1.02360624E-4	-4.1428054E-4	3.077172E-4	-2.0959786E-4	1.3368823E-5	1.2469018E-4	4.1247412E-4	2.821661E-4	-3.202811E-4	9.6781296E-5	5.9383266E-5	-3.2990085E-4	-2.905383E-4
2.5548134E-4	-2.9708295E-5	3.2685708E-5	2.5759538E-4	3.0861268E-4	-1.0988908E-4	1.5406671E-4	5.469908E-5	-1.1179351E-4	1.1104035E-4	2.2507315E-4	1.0816648E-4	-3.1810466E-4	-1.513739E-4	3.604688E-4	1.3040287E-4	-4.1407408E-4	-3.421535E-4	1.7154297E-4	3.0952378E-4	1.494337E-4	-3.0847668E-4	-3.8367428E-4	1.9706548E-4	8.7415036E-5	2.8879725E-4	6.0248596E-5	-2.8200133E-4	2.5983862E-4	7.063333E-5	3.191725E-4	3.894246E-4	-1.5089421E-4	-2.5855706E-4	4.1386975E-5	4.3927004E-5	3.534664E-4	1.4396684E-4	-8.855294E-5	-9.295574E-5	2.4716745E-4	1.0562962E-4	1.6972233E-4	-1.060452E-4	-3.9587516E-4	-2.752099E-4	3.5968077E-4	-3.0160148E-4	1.8747362E-4	-6.507568E-5	3.615667E-4	-3.8786102E-4	-1.582179E-5	-3.860561E-4	3.2278334E-4	6.4750304E-5	9.237212E-5	-1.531462E-5	3.5519683E-4	-3.2939322E-4	-3.351877E-4	-1.8147317E-4	-3.756856E-4	-3.03569E-4	3.487869E-4	-5.976896E-5	-1.8442576E-4	4.0735386E-4	8.05119E-5	-2.2664737E-4	-4.008799E-4	1.851866E-4	-1.5428898E-4	-6.218823E-5	-3.9732043E-4	-3.03057E-4	5.191422E-5	-4.12836E-4	-2.099978E-5	-2.540242E-4	-8.15251E-5	6.4889304E-5	3.730639E-6	-1.9365191E-4	3.8061192E-4	1.9359056E-4	-1.6067564E-4	-2.1240096E-4	-2.4375689E-4	-2.1436374E-4	3.93863E-4	4.0458213E-4	-4.0380305E-4	3.4157373E-4	-1.4362174E-4	-3.4295823E-4	-3.0350822E-4	3.6112106E-4	-2.355286E-4	-5.364177E-5	-2.3149527E-5	-4.157809E-5	1.2014446E-4	-3.6910275E-4	-4.0777025E-4	-5.873055E-5	-2.5137232E-4	-1.1951018E-5	-3.1919347E-4	3.73991E-4	7.723387E-5	-1.9463683E-5	-3.8310382E-4	-3.821805E-4	8.507729E-5	-1.2041079E-4	-3.1139894E-4	-1.3979439E-4	-3.4562178E-4	3.6588128E-4	-3.8687463E-4	1.6347649E-4	1.2793591E-4	-1.0294332E-4	-2.0240065E-4	-1.0306796E-4	-2.2256907E-4	1.3840242E-4	-3.7341003E-4	3.0953865E-4	1.3276323E-4	-1.6097698E-4	-2.7028736E-4	-3.2368503E-4	9.932795E-5	-4.359317E-5	3.598865E-4	9.088874E-5	-4.1313306E-4	3.029196E-4	-1.4983966E-4	1.1402987E-4	-3.071218E-4	4.0433026E-4	1.9174155E-4	2.7297036E-4	-2.2283538E-4	2.1855564E-4	1.8068838E-4	-2.0240243E-5	-3.720887E-4	-3.7558918E-4	-3.5362734E-4	-6.391433E-5	-1.245751E-4	-4.0137365E-5	-2.4044095E-4	1.834576E-4	1.72246E-4	2.474523E-4	-2.1741683E-4	-1.3776313E-4	1.0432841E-4	2.7367877E-4	-3.8184702E-5	4.220575E-5	2.067189E-4	3.9561527E-4	-1.1072701E-4	1.5990999E-4	3.0383878E-4	-6.665862E-5	-5.3692238E-5	-3.2145367E-4	1.6931535E-4	-1.5356882E-4	2.7863626E-4	6.4457985E-5	1.6363116E-4	-9.270669E-5	7.841227E-5	-1.6416093E-4	2.690764E-4	-3.1710125E-4	-1.869571E-5	3.4883816E-4	-3.164278E-5	2.0250189E-4	-3.6767698E-4	-2.691197E-4	-1.5880718E-4	3.2414476E-4	2.8725396E-4	-1.9632168E-4	6.449924E-5	1.7264433E-4	-7.314317E-5	-1.2324406E-4	-2.857588E-4	-3.803556E-4
4.1125226E-4	-3.2254044E-4	-3.6651167E-4	1.4063001E-4	1.7502634E-5	3.4477827E-4	3.6424375E-4	-1.4596268E-4	-1.533701E-4	9.206801E-6	2.1757036E-4	-2.0632516E-4	2.7625155E-4	2.2379591E-4	-2.9353268E-4	3.9906602E-4	3.8985934E-4	3.3149016E-4	1.1832941E-4	2.6202775E-4	2.0151903E-4	1.2179742E-4	-2.3148261E-4	-3.38106E-4	2.3722072E-4	7.446907E-5	-2.590464E-4	-2.8670533E-4	7.042039E-5	3.26974E-4	1.9508369E-4	2.245211E-4	8.42113E-5	-3.8029588E-4	2.0351096E-4	2.611698E-4	3.3798465E-4	3.6062323E-4	-2.3732122E-4	5.676469E-5	-1.17544376E-4	1.685103E-4	-1.2018534E-4	-2.7285936E-5	-3.5755712E-4	1.1200821E-4	-1.4672482E-4	8.2006656E-5	-2.0425874E-4	-7.100248E-5	-1.8660403E-4	9.1582704E-5	1.3611767E-4	6.5737324E-5	-1.4553376E-5	-1.5973652E-4	-3.8883448E-4	-4.116601E-4	2.0901003E-4	3.3801302E-4	2.3757869E-4	-2.7621983E-4	1.9531866E-4	-3.5541267E-5	1.8712155E-4	1.3563772E-4	-4.108024E-5	-3.5079458E-5	1.21460915E-4	-3.4140455E-4	-1.49899E-4	-5.6634653E-5	-4.325428E-5	-2.8745015E-4	1.7807219E-5	1.2611428E-4	-9.9827535E-5	-8.212429E-5	-1.0773882E-4	2.4289622E-4	-1.5901162E-6	4.0072552E-4	2.1736373E-4	-1.3789022E-4	-1.8411747E-4	1.9341934E-4	-3.5630964E-4	2.4446106E-4	9.7202275E-5	-3.2054938E-4	-1.5962297E-4	-3.93711E-4	-4.0329475E-4	-1.19805845E-4	8.6621554E-7	3.748875E-4	-3.318537E-4	-4.137376E-4	4.0255242E-4	3.3500834E-4	-9.334536E-5	-1.1866834E-4	-7.6858356E-5	1.20774166E-4	1.4464623E-4	-1.8125311E-4	3.0605143E-4	1.1263471E-4	3.6566472E-4	-2.2226207E-4	2.4605173E-4	3.35434E-4	-3.6342238E-4	-4.076844E-4	-3.5679914E-4	4.0558132E-4	-3.339499E-4	2.8984534E-4	-2.750966E-4	-2.2482446E-4	-2.7376437E-4	3.3350085E-4	3.950836E-4	2.3556354E-4	-2.3948665E-4	1.6938348E-4	-4.8018966E-5	-2.3234244E-4	-3.193577E-4	-2.9314202E-4	3.3702134E-5	-1.9303447E-4	5.382656E-5	-1.6858953E-4	3.304634E-4	-4.776282E-5	-3.9035775E-4	-5.590732E-5	8.011494E-5	-2.0832183E-4	3.634285E-4	1.488371E-4	-7.320685E-5	-3.7276096E-4	1.9228447E-4	1.7366082E-4	1.4126621E-4	-1.4182444E-4	4.0664597E-4	1.5246856E-4	1.6454181E-4	-3.8517066E-4	-1.115858E-4	6.7513196E-5	-9.061721E-5	-3.1233698E-4	3.975504E-4	-1.17175536E-4	-2.0741223E-4	2.8572E-4	-2.4357787E-4	-1.5026856E-4	2.3379002E-4	1.1315304E-5	3.0298202E-4	2.1983522E-4	-2.1088742E-4	-7.3561394E-5	-1.568893E-4	9.1383845E-5	3.973689E-4	1.51679615E-5	-3.7718954E-4	8.315308E-5	3.1343006E-4	2.55329E-4	-3.973668E-4	-2.912071E-4	-3.332972E-4	-3.9216527E-4	-2.661702E-4	-5.3405885E-5	-3.043887E-4	-6.6368625E-6	3.7306908E-4	2.1468366E-4	-3.680214E-4	1.1438309E-4	8.9112575E-5	3.3850106E-4	3.8559403E-4	3.3535835E-5	-3.9480973E-4	-2.5301822E-4	-2.182802E-4	-1.916457E-4	-1.2822257E-4	-3.5544462E-4	3.5559446E-5	-9.05465E-5
-3.6320038E-4	-2.9386298E-4	4.0745042E-4	-1.0811247E-4	-2.0534082E-4	-2.2570288E-4	-3.4546282E-4	-1.9468543E-4	-3.014052E-4	-1.5044695E-4	-3.418645E-4	3.545556E-4	2.638717E-4	-3.2606325E-4	2.3373617E-5	-3.932962E-4	-1.7288573E-4	1.2468616E-4	2.557865E-4	9.834519E-5	4.67718E-5	-1.4470004E-4	1.149695E-4	2.1237864E-4	2.6832917E-4	2.488977E-4	3.5111717E-4	1.2371707E-5	4.719773E-5	5.2587377E-5	3.2841315E-4	-2.6852346E-4	-3.7976354E-4	3.8999E-4	-3.3030656E-4	-2.4547873E-4	1.11226705E-4	-2.3418963E-4	-2.4246951E-4	2.7854252E-4	3.0527768E-5	-3.5829016E-4	1.1120941E-4	-3.592453E-4	3.7461746E-6	2.3176502E-4	1.06457395E-4	-1.8333877E-4	-4.4719258E-5	4.1205134E-5	2.1087223E-4	3.8660233E-4	1.7212951E-4	2.669829E-4	3.9059078E-4	1.0628998E-4	3.8983187E-4	-3.02989E-4	7.929286E-5	-2.2506823E-4	3.0561697E-4	-7.884739E-6	9.9881845E-6	3.8296022E-4	-3.671427E-4	1.3162905E-5	-3.6820846E-5	-3.4948607E-4	3.2076982E-6	-2.7628624E-4	4.1069175E-4	-4.1378086E-4	-3.8836454E-4	-8.3610095E-5	-3.8729064E-4	3.0406714E-5	-5.847619E-5	3.2872544E-4	3.3063116E-4	-2.6431365E-4	-3.130757E-4	-1.2788166E-4	-1.0722637E-4	-2.9781708E-4	1.8804544E-4	1.560991E-4	-7.6155615E-5	-1.5192137E-4	-2.7846935E-4	1.7136453E-4	-2.9413814E-6	4.9814967E-5	-4.0235775E-4	-3.8349445E-4	1.8174872E-4	-3.1569685E-5	-3.4340972E-4	-3.3076538E-4	2.8692957E-5	-3.9702478E-5	3.3719768E-4	-1.2821096E-4	-2.2581409E-4	2.7062366E-4	3.4525484E-4	2.0604602E-5	-7.632385E-5	2.3372342E-4	-4.1393872E-4	-1.6902566E-4	4.019914E-5	1.8658282E-4	3.485388E-4	3.916493E-4	-1.895915E-4	-3.9400076E-4	3.867959E-4	3.9726714E-4	-2.9981992E-4	2.0321757E-5	1.8686352E-4	-3.6721336E-4	-3.902517E-4	-3.7307103E-4	-2.9509884E-4	2.3315065E-4	7.783558E-5	-3.0115328E-4	-3.281574E-4	7.142536E-5	-1.2698233E-4	3.674427E-4	2.9796895E-4	7.452072E-5	2.3552925E-4	-1.6345378E-4	4.1246993E-4	-3.786598E-4	8.321135E-5	1.4807143E-5	-2.673077E-4	3.6678548E-4	1.2937846E-4	-5.392183E-5	3.9502174E-5	-3.2715578E-4	-7.67117E-5	2.671509E-4	3.065332E-4	3.239258E-4	-1.0830345E-4	2.4159512E-4	-2.3934106E-5	1.8761227E-4	3.1671746E-4	3.843984E-4	3.6536355E-4	3.7587632E-4	2.3205264E-4	-3.2737417E-4	2.1183107E-5	3.706209E-5	2.157561E-4	2.7129086E-4	2.482258E-4	2.9125056E-4	1.6654319E-4	-6.217145E-5	5.3197084E-5	4.0985944E-4	4.088288E-4	-1.09216446E-4	9.1394955E-5	-3.961683E-4	-2.002001E-4	-3.0332428E-4	-1.6160415E-5	3.625248E-5	-3.8318252E-4	2.6167984E-4	2.886896E-4	-1.7395653E-4	2.1787101E-4	-1.8748388E-4	2.946095E-4	-2.7356038E-4	1.6290318E-4	-1.357162E-4	-1.1383424E-4	-2.3088703E-4	3.926381E-4	3.201464E-4	7.727003E-6	3.1255768E-5	8.696073E-5	-1.975471E-4	-3.2979506E-4	2.0887295E-4	-2.500585E-4	2.6791007E-4
2.6570456E-4	3.3971237E-4	2.7739292E-4	3.946166E-4	-1.2600549E-4	2.5687687E-4	2.6113604E-4	1.09982975E-4	3.5923734E-4	-3.837711E-4	3.6691697E-4	-4.3624328E-5	2.0985486E-4	3.7112512E-4	-2.8948238E-4	1.3506917E-4	1.1268023E-4	1.3977702E-4	2.2992132E-5	-1.6454766E-4	-2.938243E-4	-3.0505154E-4	3.7457614E-4	2.6543162E-4	5.542799E-5	1.8272184E-4	-2.1388958E-4	-3.2893213E-4	-4.0287932E-4	-1.8179476E-4	2.5070098E-4	3.910036E-4	3.166182E-5	-1.5453038E-4	-6.207384E-5	-1.9200899E-4	2.6753114E-4	1.9298877E-4	1.964886E-4	2.6036316E-4	3.288682E-4	-3.1102812E-4	-2.2554403E-4	-1.0000465E-4	3.006307E-4	-1.6603533E-4	-4.1416625E-4	-2.079735E-4	1.3125443E-4	1.8776646E-4	3.2900705E-4	-3.596341E-4	3.1475085E-4	-2.3193234E-4	-2.2941531E-4	-1.9181098E-4	-9.023719E-5	-8.150716E-5	2.296437E-4	2.0609195E-4	-4.3589698E-5	5.201128E-5	-1.3806156E-4	-2.3239181E-5	-3.594873E-4	-3.4294353E-4	2.2096577E-4	-2.2551545E-4	4.0795654E-4	-2.7212763E-4	-1.0196991E-4	-2.2798455E-4	2.940837E-4	1.7479828E-4	2.505982E-4	1.7768788E-4	-5.1093215E-5	-6.033675E-5	-1.3788139E-4	1.4936067E-4	4.7559E-5	-1.6454622E-4	1.5407025E-4	-3.3209845E-4	1.7302985E-4	2.1315858E-4	-1.11888956E-4	8.277074E-5	-2.5048162E-4	-7.233209E-5	9.34816E-5	-1.2013807E-4	-1.8596624E-5	-3.5640647E-4	1.8829443E-4	1.9437693E-4	-2.1141217E-5	-4.0956572E-4	1.4095731E-5	1.2865226E-4	3.5847764E-4	2.7304684E-6	-8.1108E-5	-3.4177417E-4	3.6910333E-4	-1.839214E-4	-1.6124014E-4	4.1030944E-4	-1.3168444E-4	3.5798727E-4	-1.0149593E-4	-5.3212676E-5	3.976314E-4	-1.933155E-4	3.5507855E-4	-8.034087E-6	3.5730132E-4	4.0335173E-4	-1.0348066E-4	4.1072915E-5	-8.205909E-5	-1.27234E-5	1.6175109E-4	1.4662325E-4	3.598548E-5	3.215719E-4	2.637384E-4	-5.5223132E-5	-3.5627632E-4	4.4525168E-5	-2.2501039E-4	3.360314E-4	3.3428002E-4	2.2254545E-4	-3.993257E-4	-4.0974616E-4	-8.958214E-6	2.2569156E-4	2.203629E-5	-3.282534E-4	3.1616408E-4	3.657929E-4	1.7866355E-4	-2.5293863E-4	-7.217279E-5	1.390876E-4	1.6146596E-4	1.6178159E-4	3.1573384E-4	-2.921488E-4	6.290766E-5	3.634673E-5	3.6185983E-4	3.1899288E-4	-2.856404E-4	-2.3340959E-4	-2.4510824E-4	3.336451E-4	2.982119E-4	2.6172373E-4	-7.3337E-5	-6.624154E-5	1.6842023E-4	2.2660222E-4	-5.0347124E-5	1.5807975E-4	3.9365888E-4	2.8754005E-4	3.4470865E-4	1.84173E-4	2.6300087E-4	-1.5246734E-4	1.414998E-4	-2.937664E-4	-1.4833095E-4	6.507866E-5	-1.4789341E-4	-8.588935E-5	-5.6865316E-5	-7.1794006E-5	3.2752907E-4	3.4815347E-4	1.9229927E-4	-2.7280484E-4	-3.735072E-4	4.947859E-5	2.2368497E-4	2.1898514E-4	3.6650075E-4	-7.2188544E-5	2.0140524E-4	-2.8473025E-4	-8.902799E-6	-1.3853441E-4	2.4677196E-4	-1.3955454E-4	-1.521117E-4	4.1424265E-4	3.0596384E-5	-1.1512092E-4
3.3099888E-4	-2.700494E-4	-1.5799474E-4	2.6053458E-4	-1.2912431E-4	7.2896573E-6	-1.1707758E-4	-5.4019303E-5	-7.74445E-5	-3.8316054E-4	2.2064307E-4	-1.9591599E-4	2.6484398E-4	-1.580265E-4	-2.1487434E-4	-2.3504849E-4	-1.04839586E-4	-9.094046E-5	-1.0464819E-4	-6.0290466E-5	1.2036599E-4	3.7822676E-5	2.4765686E-4	-2.6849777E-4	1.0820094E-4	8.11799E-5	-2.9924983E-4	-2.4307813E-4	-3.5593024E-4	1.9481225E-4	-3.2607737E-4	-1.8434186E-4	-3.3820744E-4	-5.739252E-5	-1.2521012E-4	1.2853299E-4	-2.1235878E-4	-1.1874712E-4	-1.6879069E-4	-3.5314917E-4	-3.104421E-4	3.009714E-5	-3.4465882E-4	1.0157756E-4	3.6672843E-4	-3.1782186E-4	-3.2300776E-4	1.0454707E-5	-1.9688775E-4	3.6702855E-5	2.4117135E-4	1.9333376E-4	2.7106746E-4	-1.1187067E-4	-9.991222E-5	2.6844532E-4	-3.2232856E-4	-2.5848334E-4	3.6835793E-4	-2.1094254E-4	-2.1070326E-4	3.694314E-4	-2.653154E-4	-3.1529067E-4	-3.743046E-4	2.1169171E-5	3.150001E-4	1.4498469E-4	-3.7632568E-4	6.054975E-5	-3.2076132E-4	-1.0072368E-4	-6.186882E-5	-2.6206212E-4	2.8947782E-4	1.0759694E-4	-1.7769607E-4	3.0165906E-5	2.0963502E-4	1.0900991E-4	-3.2548225E-5	2.665789E-4	1.7508249E-4	-6.946865E-5	-3.2794478E-4	2.4867148E-4	-3.234087E-4	1.6734446E-4	3.6222365E-5	-1.1899089E-4	1.4172771E-4	-5.0369392E-5	-2.7538644E-4	9.535394E-5	1.6963667E-4	1.595918E-4	-1.0743934E-4	3.1815598E-5	-1.6092956E-4	2.6158302E-4	2.1261432E-4	2.856293E-4	-9.8137796E-5	-3.4520714E-4	1.1316682E-4	-3.2965774E-5	8.6080814E-5	-1.9146588E-4	-2.8261155E-4	-3.715828E-4	2.0920987E-4	3.554466E-5	1.6414528E-4	2.8188679E-5	-1.627315E-4	3.7518043E-5	-1.16640884E-4	2.0255083E-4	2.603484E-4	-1.2600538E-4	1.7881481E-4	-3.5467488E-4	-3.987151E-5	6.802495E-5	3.901698E-4	-3.757346E-4	2.5394183E-5	-3.678165E-4	-2.0459427E-4	-2.3246006E-4	2.4226261E-4	2.9424246E-4	2.0265258E-4	3.4529838E-4	1.830918E-5	3.5880774E-4	4.0058338E-5	1.4133219E-4	2.8274907E-4	-2.660028E-4	2.6118246E-4	3.018886E-4	1.05758794E-4	2.0953943E-4	4.130989E-4	-3.3643222E-4	-1.680764E-4	2.3138376E-4	-8.255689E-5	-4.9339596E-5	-1.5858878E-4	-1.064484E-4	1.0872566E-4	-2.2559075E-4	1.5436494E-4	-2.2873138E-4	-2.8717299E-5	3.4408888E-4	1.4754389E-4	-2.8134134E-4	-3.777849E-4	2.2545371E-4	3.773978E-6	3.8574383E-4	-1.977376E-4	-1.8795964E-4	-4.0330025E-4	4.0329754E-4	-3.3120168E-4	-2.058624E-4	-2.0065843E-5	-9.621847E-5	3.4079436E-4	2.0168826E-4	2.0917572E-4	-1.5221255E-4	5.378771E-6	-5.3537755E-5	4.1326077E-4	-1.2976513E-4	-8.325356E-5	3.1949567E-5	-2.5802065E-4	-2.3403658E-4	3.2327033E-4	3.2748992E-4	-5.8374E-5	-3.3357175E-4	-1.8092808E-4	-1.4273288E-5	3.6983448E-4	2.034188E-4	-2.9493056E-4	2.1179121E-4	-3.063193E-4	-2.737271E-4	-3.7610938E-4	6.901658E-5	-3.5415962E-4	6.143264E-5
-2.7941228E-4	-2.55941E-4	2.7936732E-4	3.2822537E-4	-2.3743867E-4	4.0550198E-4	-8.311359E-5	1.7844148E-4	-2.805572E-4	-2.6381278E-4	1.7652778E-4	-8.0240614E-5	-7.627613E-5	2.7025669E-4	-1.620436E-5	3.6887167E-4	-2.7253427E-5	-3.358648E-4	1.2899209E-4	-9.9481695E-6	-3.548598E-4	-3.0848727E-4	3.6493558E-4	2.3431494E-5	2.3083373E-4	2.9398638E-4	1.3784779E-4	-1.2304062E-4	-2.6914457E-4	-1.12549915E-5	-2.4885716E-4	2.6388787E-4	-1.5855879E-4	-3.064417E-4	2.1520846E-4	4.133065E-4	-1.0452994E-4	4.4786415E-5	1.13301765E-4	-2.8904347E-4	3.3224432E-4	2.7421958E-4	-3.198822E-4	7.540612E-5	3.148461E-4	1.8129915E-4	3.6956085E-4	1.4513724E-4	-1.8344216E-4	-3.2260641E-4	1.7701018E-4	5.838331E-5	-3.8398316E-4	2.1977513E-4	-9.485317E-5	-6.9444905E-5	8.288657E-6	3.7008608E-4	-1.7116082E-4	-5.7604157E-5	-8.949601E-5	1.9305154E-4	-1.9359014E-4	-8.9284185E-7	-6.466734E-5	1.7332408E-4	-2.84367E-4	-4.054822E-4	2.0916606E-5	3.4116048E-4	-1.8576856E-4	7.140127E-5	-1.5907384E-4	3.9775172E-5	2.3733413E-4	-3.6683097E-4	-3.039139E-4	9.515682E-6	-2.937037E-4	-1.2191939E-4	-2.1581234E-4	-1.7052446E-4	-6.063382E-6	-2.4064025E-4	-3.978374E-5	-2.829675E-4	-3.1340597E-4	3.2248392E-4	2.4954174E-5	2.8949627E-4	3.365977E-4	9.175858E-6	1.6443738E-4	-3.8674386E-4	-8.482567E-5	2.2989056E-5	-3.7771306E-4	3.5271984E-5	-1.5985446E-4	-2.670855E-4	-1.8976511E-4	8.306123E-5	-9.584395E-5	1.8734876E-4	-2.0235241E-4	-2.6492705E-4	2.1222071E-4	-3.958028E-4	2.7864543E-4	-1.9065497E-4	-1.2228473E-4	1.3805726E-4	9.637706E-5	2.5987034E-4	8.120143E-5	-3.1078554E-4	-1.728457E-4	2.0173739E-4	-1.37202E-4	4.141763E-4	-4.0907376E-5	-3.0601336E-4	-6.380837E-5	-1.0508012E-5	3.741804E-4	3.3562325E-4	-2.7830826E-4	-4.113772E-4	3.040427E-4	3.775679E-4	1.5951037E-4	-1.5817129E-4	1.5628827E-4	3.2068987E-4	-2.1162821E-4	5.5421886E-5	1.6146977E-4	-3.4137137E-4	2.3488991E-4	4.0955178E-4	1.7830367E-4	-2.0185951E-4	1.3240169E-4	-3.5556374E-4	-1.8174801E-4	3.2885568E-4	-3.430488E-4	-2.5555264E-4	-3.2916418E-5	-3.90471E-4	6.363555E-5	5.553147E-5	2.8729593E-4	2.8494938E-4	2.7927387E-4	-2.2600983E-5	-2.5183004E-5	-3.1492318E-4	-2.8760362E-5	-6.425184E-6	-9.396294E-5	-3.6148416E-4	2.7467826E-4	2.2440265E-4	4.679192E-5	1.3482911E-4	-3.235333E-4	-8.5835236E-5	2.0025384E-4	3.925647E-5	1.7713569E-4	-2.6188797E-4	-1.687466E-4	1.0820652E-5	-3.839303E-4	9.995298E-5	3.2927148E-4	-9.203528E-5	-3.3343633E-4	-1.3141644E-4	7.640288E-5	-2.5926597E-4	-3.7442046E-4	-1.5741105E-4	3.3002574E-4	1.8082366E-4	4.1371757E-5	6.354996E-5	2.0608152E-4	3.6676417E-4	-3.7562163E-4	4.029766E-4	-3.2537643E-4	-5.8734626E-5	-6.717433E-5	3.0378107E-4	-2.375601E-4	-1.4442504E-5	-2.9315546E-4	-4.0444906E-4
3.3477152E-4	-2.0850963E-4	-3.3832717E-4	4.8640736E-6	-4.1089038E-4	2.4764307E-4	-2.0730904E-4	-1.9585661E-5	1.623972E-4	2.818313E-4	-3.4868074E-4	3.7319757E-4	-3.5546438E-4	-2.3505616E-4	8.3783176E-5	-3.899408E-4	-2.3177375E-4	2.917381E-4	6.829738E-5	-2.7226334E-4	3.8307237E-5	-3.3087685E-4	-2.8385522E-4	-3.3487784E-4	9.1202695E-5	-2.2956825E-4	3.7794342E-4	-7.960224E-5	3.5266913E-4	-1.303568E-5	-8.040546E-5	-1.08818254E-4	2.0455716E-4	2.3312865E-5	1.1817883E-4	2.8322125E-4	-8.697388E-5	-1.9005222E-4	-2.4288626E-4	2.800766E-4	3.574114E-4	3.4425865E-4	-2.5535305E-4	3.486079E-4	3.8989185E-4	-8.327507E-5	1.03004604E-4	7.574366E-5	1.6307714E-4	-3.7471946E-5	-3.7998227E-5	-6.8550326E-5	-8.820804E-5	-4.1320326E-4	-3.8645553E-4	4.8190846E-5	3.389259E-4	-3.4459657E-4	-3.7561354E-4	-3.3195084E-4	-2.8224086E-4	3.5113175E-4	7.998239E-5	1.889812E-4	9.8327175E-5	-1.4816048E-4	-6.961367E-5	-3.225986E-4	-7.873701E-5	-3.3290533E-4	-2.755929E-4	-1.3777513E-4	2.040879E-4	2.3887715E-4	6.813698E-5	3.1946923E-4	-3.7110486E-4	2.5229657E-4	-2.0262177E-4	-2.9578543E-4	1.6350565E-4	-6.070031E-5	2.5387428E-4	1.11273606E-4	4.1302718E-4	-3.2360374E-4	2.2711956E-4	-3.3902656E-4	-6.5464425E-5	-2.8192656E-4	-3.3756834E-4	-4.0425605E-4	3.888561E-4	-4.0143254E-4	-7.215311E-5	1.2757316E-4	1.4284805E-4	-2.665954E-4	3.1313553E-4	-1.2412174E-4	1.6061739E-4	2.7931083E-5	1.3592331E-4	-3.183319E-4	3.908238E-4	8.2376835E-5	3.5526048E-4	-2.6113272E-4	-1.6431951E-4	2.8541582E-4	-2.5891644E-4	-1.8222514E-4	1.9442654E-4	1.2177966E-4	5.570655E-5	-6.877646E-6	-2.9150042E-4	-3.5775668E-4	-3.9916165E-4	5.4859505E-5	-3.5450218E-4	4.0619116E-4	-4.216341E-6	-2.1031853E-4	-1.4552718E-4	1.5468635E-4	-2.8377795E-4	-3.2442764E-4	-1.3194559E-4	8.142385E-5	1.6746645E-4	-2.864753E-4	3.482169E-4	-7.759762E-5	1.1927111E-5	-2.5908672E-4	-2.6394805E-4	-2.1826864E-4	-1.6570716E-4	-1.2295047E-4	-2.842312E-4	2.9983663E-4	7.308829E-5	-1.4868655E-4	-3.2252583E-4	-2.2668931E-4	2.2145972E-4	-1.2735862E-4	-3.114905E-4	5.5951765E-5	1.08007705E-4	2.035849E-4	4.064673E-4	2.1040162E-4	-3.8174033E-4	-1.3637294E-4	-3.7798562E-4	3.7955586E-4	2.650006E-4	8.0540856E-5	-1.7116754E-4	-3.496955E-4	-1.7574981E-5	2.576037E-4	-6.7292E-5	-2.6456645E-4	-1.9840937E-4	2.5455872E-4	3.0879746E-5	-3.2282126E-4	1.451879E-4	-2.240943E-4	-3.9010283E-5	1.2933112E-4	-3.2449493E-4	-6.203593E-5	3.7097506E-4	1.8761896E-4	8.197309E-5	-4.0192707E-4	3.3167624E-4	1.1728451E-4	1.2700915E-4	2.5094918E-4	8.856892E-5	-3.0522989E-4	-2.9365346E-4	1.9698674E-4	2.6736592E-4	3.9412334E-4	1.16628995E-4	-2.2808784E-4	-3.8248525E-4	1.8238445E-4	-1.17765E-4	-1.600095E-4	8.7321045E-5	3.86755E-4	-2.801119E-4	-2.8979528E-4
-1.39107E-4	-3.436328E-5	3.144057E-4	-4.0831068E-4	-3.1775428E-4	4.838835E-5	2.9354802E-4	1.6852145E-4	5.942516E-5	3.069752E-4	-1.7149972E-4	5.2963424E-5	1.5613646E-4	-2.6537705E-4	2.3516148E-4	-2.3886253E-4	2.0657726E-4	2.2646322E-4	-5.37466E-5	-5.843178E-5	-1.2000843E-4	1.7254907E-4	-1.0450288E-5	2.1782714E-4	-3.3849958E-4	3.8758694E-4	3.42395E-4	3.3092697E-4	-3.1749962E-4	1.3809187E-4	5.104641E-5	5.6483063E-5	1.7781893E-4	3.8502223E-4	-3.768445E-4	6.629206E-5	3.2010203E-4	-4.0975396E-4	3.8752856E-4	3.6000773E-5	-6.8940186E-5	1.2321795E-4	-1.0391333E-4	-8.760954E-5	4.047585E-4	-3.0013925E-4	2.3967003E-4	4.0085393E-4	-2.9541974E-4	-1.3090023E-4	-2.6014728E-5	1.1617604E-4	-1.987142E-5	-1.4946357E-4	-3.5705374E-4	-3.430435E-4	-3.2291713E-4	-2.0252712E-5	-3.95669E-4	3.597535E-4	4.9161892E-5	-3.0713374E-4	3.406944E-4	-1.9116614E-4	2.90601E-4	2.2819442E-4	3.3972028E-4	-1.4231348E-4	1.9479445E-4	-9.975374E-6	-1.7270826E-4	-1.8568037E-4	1.1013717E-4	-1.3466783E-4	-1.08658154E-4	3.6261772E-4	3.2133074E-4	3.9983302E-4	-2.7093088E-4	1.9806056E-4	2.8471538E-4	3.2869782E-4	-1.2199496E-4	6.842577E-5	-3.0623857E-4	-2.981535E-4	3.4283847E-4	4.0488824E-4	-7.97136E-6	3.6779587E-4	-4.137176E-4	-3.1176733E-4	3.868781E-4	-2.2772112E-4	-4.0486132E-4	-3.5113513E-5	-3.8746922E-4	2.1054038E-4	1.7703156E-4	-4.0747857E-4	3.5284442E-4	-1.9159008E-4	-9.1916125E-5	2.1551417E-5	3.0950987E-4	-2.4886464E-4	3.9229373E-5	-3.7575574E-4	-1.4303018E-4	1.5041515E-5	2.7708334E-4	4.090331E-4	4.8664846E-5	2.7431492E-4	8.120672E-5	-3.7271526E-5	3.867739E-4	5.7254387E-5	-4.0807348E-4	-3.6727852E-4	-3.067693E-4	-1.7658471E-4	-3.8992934E-4	1.0225948E-4	-1.8621775E-4	2.450716E-4	-4.215505E-5	2.2857284E-5	-1.8681324E-4	-1.974931E-4	-1.8001476E-4	3.81993E-4	-3.236991E-4	3.335942E-4	-2.4904546E-4	9.1790826E-5	-5.5718618E-5	2.001817E-4	3.9844574E-5	-3.3535332E-5	-8.7031476E-5	1.2406438E-4	-2.8466978E-4	-2.3843846E-4	-3.0814833E-4	-1.7444589E-4	-4.2971624E-5	-9.515267E-5	-1.324903E-4	2.5516038E-4	-1.7010617E-4	-1.3729776E-4	1.8023957E-4	1.4242422E-4	-2.0134225E-4	-3.466341E-4	-2.484029E-4	-5.7913836E-5	5.1881716E-6	3.158835E-4	2.0755139E-4	-1.15848E-4	-3.345954E-4	-3.447801E-4	2.981985E-4	-1.3898477E-4	2.1734262E-4	2.68642E-4	2.633653E-4	4.134015E-4	7.236204E-5	4.0303657E-4	3.4542082E-4	-2.9902588E-4	2.469332E-4	1.7305586E-6	-6.381465E-5	-3.9869035E-4	3.8184266E-4	-1.14591705E-4	-3.0654384E-4	-2.4966404E-4	1.963327E-5	-4.2102532E-5	1.8355562E-4	1.4725126E-5	2.468605E-4	3.277865E-4	-3.3535014E-4	2.621442E-4	-1.404764E-4	-4.1243274E-4	-2.742961E-4	-4.665482E-5	4.117354E-4	-6.025821E-5	-2.6141803E-4	1.2761971E-4	2.7501158E-4	2.6214684E-4
-2.5499176E-4	-1.3781586E-4	-2.8133948E-4	-1.786406E-4	2.464594E-4	2.4349832E-4	-3.5195277E-4	2.2574923E-4	2.6097943E-5	1.0323627E-4	1.21571415E-4	-1.391176E-4	1.19044904E-4	-1.6686346E-5	1.5389505E-4	-7.321019E-5	-3.7358666E-4	-1.2324605E-4	-1.815531E-4	-2.534677E-4	1.16574105E-4	1.1191183E-4	2.2788985E-4	3.8333732E-4	-1.6184282E-5	-2.3236127E-4	-1.2045484E-4	2.8524463E-4	-8.725222E-5	4.327007E-5	-3.0223138E-4	2.0992811E-4	-7.915557E-5	7.1095405E-5	-1.7344696E-4	-8.120783E-5	-3.9266868E-4	-1.07802625E-4	-1.18127144E-4	6.491834E-5	4.040593E-4	-3.0093832E-4	8.304298E-5	-9.0535206E-5	1.0186695E-4	-1.3288547E-4	8.644455E-5	1.7784008E-4	9.7679025E-5	3.3358476E-4	-1.8591067E-4	-1.5537292E-4	-2.0089588E-4	3.6306345E-4	2.0741105E-4	2.9685654E-4	-4.0258764E-4	2.9203109E-5	2.0732421E-5	3.099775E-4	1.6389071E-4	-3.540641E-5	6.074491E-5	-1.715785E-4	1.8692733E-4	-1.8357718E-4	-2.8375152E-4	-1.3307545E-4	4.5609E-6	-3.816318E-4	4.051875E-5	3.9324328E-5	-2.6913953E-4	2.955572E-4	1.8789322E-5	-3.4718777E-4	1.7941376E-4	5.04015E-5	-4.8317637E-5	1.5094581E-4	3.9366973E-4	1.719229E-4	6.010877E-5	1.9845099E-4	-1.1760551E-4	4.05611E-4	1.3497123E-4	-3.3749244E-4	1.5966666E-4	3.6808706E-4	-4.0299085E-4	-2.7923216E-4	-1.6561113E-4	7.7775485E-6	1.2630007E-4	-1.6349783E-4	4.7879406E-5	7.757772E-5	-2.4159795E-4	-3.9924574E-4	-2.3093334E-4	1.2007619E-4	2.7589416E-4	-1.2256853E-4	3.3353665E-4	2.64879E-4	-3.6610663E-4	2.3596287E-5	-9.743081E-6	6.64638E-6	-4.4035452E-5	3.1050327E-5	-2.9539154E-4	4.4414395E-5	-7.427432E-5	-3.0678758E-4	4.0356227E-4	1.6733841E-4	1.2778395E-4	4.2020016E-5	-3.8402548E-4	3.638204E-5	-1.4771702E-4	3.7809287E-4	-1.4862757E-4	-2.5466838E-4	3.4311294E-4	-4.620764E-5	-1.9418987E-4	1.0579976E-4	-5.1078685E-5	-1.5251335E-5	3.2846714E-4	-9.51541E-5	1.7187302E-4	-5.248891E-5	2.1577858E-4	-3.7465255E-5	1.8447622E-4	-3.063906E-4	-7.72314E-5	-1.806338E-5	1.7397212E-4	1.7147102E-4	3.9459567E-4	-4.0815314E-4	-9.492964E-5	1.966292E-5	3.6460384E-5	-1.6846115E-4	3.7793737E-4	-4.044055E-4	1.9899661E-4	1.5011278E-4	-2.0482434E-5	3.300422E-4	-2.0727677E-4	-5.7596E-6	-3.0994648E-4	1.4828224E-4	-5.2454037E-5	4.036955E-5	4.9956758E-5	-2.8767018E-4	-3.8853232E-4	-1.6142597E-4	-2.8424634E-5	3.8765493E-6	1.6057529E-6	2.2769386E-4	2.6675925E-4	-2.8148197E-4	1.192266E-5	-2.3109927E-4	-2.8976685E-4	2.4106109E-4	-3.0255486E-4	6.8897396E-5	-3.0250667E-5	1.2774387E-4	-9.814219E-5	-7.553484E-5	3.1523948E-4	-7.0718066E-5	1.6015545E-4	2.5346185E-4	6.215442E-5	-3.7685464E-4	-3.29692E-4	-9.689266E-6	-3.3963348E-5	3.6947464E-4	-1.0276089E-4	-1.8612164E-4	8.1325066E-5	-3.4948825E-4	3.4799913E-4	-2.4531287E-4	-1.7472947E-4	2.966892E-4
-2.4900318E-4	2.1042491E-4	2.4584535E-4	-2.8361002E-4	-1.1727794E-4	3.978982E-4	3.1115647E-4	2.1814567E-4	-2.696056E-4	3.7045268E-4	-2.4837302E-4	-6.0732153E-5	-3.1068615E-4	5.665407E-5	-1.9011815E-4	1.5155776E-4	-1.185362E-4	-2.0097515E-4	-2.1777948E-4	-3.497603E-4	-3.5091984E-4	-7.378609E-6	1.0483853E-4	5.3258744E-5	-3.5755217E-4	-1.4010431E-4	3.7988872E-4	-7.309905E-5	-2.9942786E-4	8.6056774E-5	2.1928232E-4	3.6693303E-4	2.762445E-4	-2.1670666E-4	-1.1229189E-5	3.984591E-4	6.27796E-5	1.1548879E-4	-3.9518412E-4	-3.4965962E-4	2.6029436E-4	2.5633237E-4	1.6129884E-4	-4.104729E-4	-1.5144242E-4	-2.1666865E-5	2.0219092E-4	3.3582002E-4	-3.7632088E-4	2.953885E-4	5.1253934E-5	-1.8342581E-4	-1.439722E-4	1.2311699E-4	-2.1182778E-4	6.0422168E-5	-3.4882443E-4	9.705895E-5	2.8094443E-4	1.0289215E-4	-2.9423359E-4	1.8519229E-4	-1.5006473E-4	-3.3528623E-4	2.6004046E-4	3.7867154E-4	-4.6126007E-7	3.6634837E-4	3.3821292E-5	2.8305166E-4	-3.8780677E-4	1.3306887E-4	-2.0300977E-5	3.7102855E-4	9.446559E-5	4.126922E-4	3.1150627E-4	-2.857982E-4	2.4827785E-4	-1.3889438E-4	-7.9605474E-5	4.8165944E-5	-4.131942E-5	-2.1864321E-4	-5.3554228E-5	7.3926836E-5	-2.0994322E-4	-3.520425E-4	-1.515081E-4	-6.209868E-5	-7.845845E-5	-3.2337775E-4	-4.4592547E-5	3.8438553E-5	-3.7571866E-4	-1.2514429E-4	-1.1084312E-5	2.6142062E-4	1.6889324E-4	-1.7721168E-4	2.535901E-4	-9.658799E-5	4.0896307E-4	1.7836413E-4	-2.9377046E-4	-7.5071664E-5	-1.5151597E-4	-3.0265498E-4	-9.834158E-5	5.58332E-5	1.1146322E-4	-3.5438337E-5	7.654815E-5	1.6434303E-4	-3.0046369E-5	-6.931972E-5	-2.6550048E-4	2.3064799E-4	1.5270236E-4	3.5102607E-4	-4.51293E-5	1.9141959E-4	2.5804326E-4	-3.1251955E-4	-1.6455592E-4	3.0433421E-4	2.0305824E-4	3.152151E-4	-5.7907288E-5	-1.3787737E-4	2.618108E-7	-1.8899319E-4	1.9992089E-4	5.583951E-5	8.451034E-5	3.589041E-4	3.9951896E-4	-3.5524362E-4	-2.9597088E-4	1.2359642E-4	-3.5800043E-4	-1.12465095E-4	-3.490874E-4	-2.9159946E-4	7.664446E-5	-2.4148068E-4	-6.545761E-5	-2.1069525E-4	-1.3284416E-4	-2.1000451E-4	-3.3389614E-4	-3.2344932E-4	4.2180975E-5	-6.850274E-5	-5.607511E-5	3.360749E-4	2.8557781E-4	1.975246E-4	5.411849E-5	-4.01913E-4	-3.0670298E-4	2.0089849E-4	-3.2065698E-4	9.230116E-5	1.452543E-4	-1.8158558E-4	2.7922183E-4	-3.3846045E-5	2.803336E-4	-3.7849482E-4	-1.9146527E-4	2.0771715E-4	-3.6830318E-4	2.9800585E-4	-2.0110128E-4	3.0411576E-4	2.135894E-4	4.1302264E-5	-1.5781735E-4	3.0302658E-4	2.9345375E-4	3.4298262E-4	-8.758105E-5	-2.7943487E-4	1.755363E-4	6.891574E-5	-2.6619012E-4	-1.2076844E-5	3.9140251E-4	-2.9394595E-4	1.108834E-4	2.8039729E-5	1.1092895E-4	1.15928546E-4	-3.6507234E-4	-1.7403383E-4	-3.048118E-4	-5.780395E-5	2.0459913E-5	1.3891507E-4
