104	40	55
16	23	30
91	18	59
44	31	55
107	3	16
33	45	14
8	43	123
120	40	17
112	34	16
96	43	104
6	45	25
28	18	54
97	31	19
55	16	111
94	25	99
111	8	99
124	18	80
26	20	19
97	31	15
120	1	102
19	43	63
55	35	53
109	31	60
6	45	130
38	41	30
12	35	30
44	43	16
60	35	38
3	32	52
124	31	30
9	8	77
83	40	38
15	35	19
22	31	38
2	31	55
19	31	53
101	3	39
83	42	89
55	23	116
45	31	30
3	34	60
16	6	13
73	42	85
96	23	12
2	18	59
44	8	61
9	40	65
41	43	123
96	31	12
79	33	60
44	31	118
123	42	89
109	46	96
44	31	126
61	32	73
92	5	16
61	39	65
55	43	17
113	40	125
130	18	59
130	4	42
2	31	19
61	39	34
116	8	92
15	23	87
93	18	110
38	35	65
124	45	130
37	18	128
92	32	120
105	18	59
77	45	71
19	8	61
112	34	15
56	18	90
43	18	90
67	23	41
50	23	17
22	32	120
83	31	87
83	6	9
61	32	9
131	6	126
114	33	15
67	38	12
55	34	96
43	23	19
104	42	85
66	17	11
17	35	15
15	23	30
62	6	69
41	43	4
10	31	15
93	18	59
60	8	92
18	5	41
41	43	70
22	5	15
112	31	15
105	5	12
127	27	101
68	27	101
8	43	55
109	4	42
72	40	112
23	21	99
42	23	50
8	43	116
74	5	16
80	45	25
15	43	19
117	40	30
12	35	13
26	31	8
22	34	38
13	45	122
66	33	6
60	43	116
105	45	45
116	31	19
1	8	93
12	41	16
122	45	127
130	46	41
30	35	51
50	41	104
69	42	85
124	45	106
104	23	19
131	40	34
113	18	115
15	20	55
22	31	60
41	16	44
38	31	51
15	31	128
68	42	85
8	44	69
96	34	104
113	7	94
11	32	9
83	31	26
30	8	92
112	5	41
19	43	70
74	4	11
17	35	55
106	45	32
51	45	126
115	8	108
30	35	87
72	5	96
116	31	123
42	23	17
79	30	116
109	11	85
69	45	122
120	18	24
87	35	123
51	45	7
35	40	118
30	35	15
42	38	116
96	35	17
57	14	80
60	31	65
44	16	14
15	28	44
54	42	89
61	34	50
67	23	11
34	5	44
96	23	19
102	9	106
41	34	104
79	33	61
114	3	16
9	40	15
96	35	65
94	2	86
110	24	66
26	43	60
33	2	98
96	20	41
66	15	32
38	31	123
13	18	69
105	31	15
8	43	70
17	35	96
62	8	92
18	18	29
45	31	55
3	34	16
10	31	12
79	17	96
16	40	15
41	23	26
50	31	53
17	31	128
83	40	26
61	31	123
35	8	112
71	5	55
38	43	63
55	43	60
125	33	32
19	35	26
74	17	55
47	3	16
62	40	65
96	43	70
11	43	101
8	18	59
50	18	16
15	34	50
102	9	75
19	31	15
129	37	114
75	45	23
12	34	41
8	44	72
96	23	116
15	35	41
3	32	87
79	30	18
44	3	8
95	40	120
41	31	69
125	11	89
11	34	44
77	31	116
109	18	119
12	28	96
44	41	104
41	35	34
2	5	12
15	35	91
55	35	72
45	31	123
104	6	127
1	40	109
41	18	123
15	16	41
124	42	85
12	35	122
9	6	34
41	20	44
41	16	94
26	31	38
71	5	12
61	32	19
83	31	116
69	42	89
16	43	44
44	18	123
104	6	20
111	8	64
57	3	41
3	31	123
66	17	41
96	41	55
17	8	25
79	30	103
120	40	44
66	18	107
109	34	30
111	42	85
41	20	96
126	5	96
96	41	12
83	6	100
116	31	7
18	45	32
80	18	24
96	18	46
55	23	12
55	18	12
33	8	133
2	45	74
14	25	99
11	43	66
51	18	59
19	31	69
66	30	74
66	31	41
63	43	16
55	34	15
46	43	104
12	43	109
44	31	17
66	33	96
61	31	96
61	39	72
79	30	92
75	31	116
109	31	116
106	45	112
110	18	90
46	43	44
11	43	109
55	31	15
38	8	3
92	18	59
17	35	91
33	25	64
79	15	10
87	8	112
43	44	127
55	16	68
38	31	55
30	8	3
9	6	51
11	43	79
132	3	39
120	40	34
125	33	23
57	39	55
51	40	45
109	3	15
57	3	55
130	34	12
100	18	69
97	31	38
20	18	24
87	35	15
61	31	44
117	40	87
30	31	55
132	18	119
95	18	54
124	5	96
78	38	21
45	32	35
114	18	86
61	31	60
44	42	89
125	33	92
43	44	37
101	3	68
47	3	50
73	6	7
70	43	46
74	34	44
12	35	123
6	18	80
9	8	61
4	23	44
120	6	69
26	35	127
41	16	111
55	23	44
15	31	34
49	21	99
82	18	90
60	18	30
104	23	15
15	8	102
10	31	87
125	33	41
11	34	15
9	6	91
92	34	30
103	31	12
83	6	65
73	22	9
8	43	96
76	5	16
33	2	101
112	34	38
31	11	85
45	34	15
26	31	123
112	32	52
57	23	15
26	35	34
60	31	43
10	32	38
80	45	3
34	40	112
60	28	19
71	18	59
130	32	116
106	45	103
97	31	44
46	42	89
19	43	101
1	18	90
130	34	50
44	31	100
92	34	16
106	31	96
61	45	92
32	31	116
125	33	26
25	31	116
33	2	132
25	34	26
66	33	25
35	6	37
68	25	110
66	25	74
41	34	12
78	38	98
60	35	118
95	40	15
18	5	55
33	2	134
109	34	87
4	3	85
72	5	41
104	43	116
3	31	87
61	34	41
12	16	33
52	6	20
10	5	12
72	45	100
67	3	50
130	34	15
125	33	44
44	34	96
71	31	60
16	23	15
14	25	64
96	23	11
130	46	55
83	40	66
14	8	133
57	23	60
11	32	60
91	45	20
87	31	69
15	35	53
41	41	15
87	43	104
124	45	71
57	14	10
39	2	31
61	45	10
72	45	65
70	43	38
104	40	12
115	40	125
42	18	59
116	43	16
75	31	19
104	31	127
104	41	16
103	45	49
30	35	96
107	3	104
97	31	55
9	40	17
19	43	26
41	41	104
36	18	59
66	30	6
132	42	89
117	40	17
15	31	41
55	34	41
62	18	131
67	38	55
102	5	104
37	18	24
117	40	102
41	35	30
57	23	30
116	18	119
41	31	26
74	32	35
79	33	15
45	5	41
73	22	120
43	43	11
84	42	85
34	45	20
96	43	26
19	8	45
40	31	17
79	30	74
82	14	81
65	45	128
120	18	52
51	40	61
38	28	30
118	45	34
74	4	15
25	32	35
74	45	49
73	40	30
50	43	123
26	43	30
32	5	104
64	5	55
114	3	104
68	2	101
125	33	75
109	25	133
46	43	96
35	8	6
12	35	96
109	3	96
38	35	13
35	40	60
50	31	51
25	34	16
92	5	41
40	31	87
83	18	52
130	5	15
61	39	44
79	33	92
125	3	41
14	45	39
63	43	19
52	8	106
52	10	102
49	31	19
41	34	15
15	34	55
112	45	22
48	3	55
55	3	12
3	34	116
17	35	34
67	23	17
132	3	89
55	43	12
44	3	55
101	3	33
22	45	32
52	8	77
97	42	85
45	5	55
131	18	59
62	40	19
60	8	45
41	23	87
68	18	90
96	31	100
30	31	15
115	37	66
107	18	98
120	19	117
30	31	19
120	12	117
55	31	12
15	20	96
124	45	77
96	43	50
33	3	11
17	31	91
45	42	89
12	43	107
87	35	100
112	34	116
87	31	37
118	45	65
74	31	17
33	2	125
114	25	64
2	31	60
40	31	12
18	31	38
66	17	44
27	24	101
80	45	10
70	43	96
49	5	104
60	31	30
55	31	51
34	42	85
61	32	116
125	33	10
120	8	105
87	43	116
67	38	60
60	43	17
3	34	87
26	43	44
39	18	90
18	42	89
127	18	7
87	31	15
116	35	60
73	6	37
98	3	104
75	45	18
25	32	62
19	43	60
71	45	18
124	45	23
116	28	19
113	40	79
39	25	110
43	43	70
42	3	41
78	43	19
12	35	60
1	8	110
12	31	126
12	20	41
80	45	49
35	31	26
109	3	12
94	18	39
44	31	41
132	31	19
130	4	50
96	43	101
50	6	13
87	35	116
65	45	127
79	33	30
104	43	46
66	18	86
55	23	60
41	35	15
87	35	51
45	34	116
44	31	128
35	40	30
35	40	16
15	41	11
71	45	74
42	3	12
44	31	37
120	6	122
61	34	44
15	35	65
77	18	29
44	3	15
30	43	46
105	31	26
35	6	13
98	42	85
66	15	3
50	43	11
39	2	101
45	34	41
25	18	59
1	18	115
73	40	41
41	34	44
15	35	26
51	45	13
109	18	86
66	31	30
131	40	65
61	5	96
131	18	24
57	38	41
79	30	130
95	40	41
111	2	21
38	43	60
74	18	59
44	31	7
15	43	116
106	31	60
79	11	66
132	18	101
24	42	85
124	45	32
96	34	50
8	44	128
8	43	30
79	33	44
87	43	60
41	8	22
79	33	38
15	23	38
67	3	96
125	3	16
15	42	89
104	31	69
2	31	38
120	8	75
15	35	34
15	34	41
111	2	114
36	18	90
14	2	48
13	18	7
104	31	100
62	8	3
74	34	30
42	42	89
15	35	12
67	38	116
112	34	55
44	31	132
116	31	122
116	43	17
49	45	25
125	33	19
57	14	29
15	28	41
38	43	26
6	5	50
40	5	15
105	31	123
106	45	25
132	36	27
102	5	55
116	35	122
106	31	55
79	11	85
60	31	7
66	3	15
61	31	17
55	43	26
17	31	37
2	18	32
52	40	50
94	8	76
30	8	25
55	31	123
3	31	19
15	35	55
55	18	123
87	28	19
55	8	61
120	8	77
87	31	8
92	32	26
19	31	8
116	31	26
4	3	33
46	43	70
38	41	87
52	40	55
26	31	116
97	45	92
96	8	25
45	5	44
9	8	6
103	5	104
80	31	12
9	40	118
9	40	66
49	18	29
52	8	45
43	43	87
104	23	26
33	42	85
66	15	102
60	31	118
111	45	94
123	35	116
132	18	86
44	20	12
128	45	37
70	42	85
2	5	41
44	8	22
31	3	50
35	8	106
73	6	53
114	33	74
30	16	58
130	46	15
102	18	59
9	6	7
62	10	102
49	45	45
74	34	12
12	35	118
122	18	69
83	8	75
19	43	44
44	35	12
41	31	19
55	35	15
57	38	8
67	23	50
87	31	13
1	37	79
87	43	38
32	31	17
3	31	30
71	5	44
117	6	120
132	3	47
25	31	55
17	43	60
29	5	12
125	33	17
57	39	50
16	31	116
104	31	53
87	35	126
33	2	114
55	43	116
19	35	38
33	2	79
3	34	19
82	14	38
125	33	30
72	45	13
116	35	13
17	42	89
66	33	71
118	45	127
111	2	79
41	41	11
3	31	17
25	5	44
60	43	87
124	45	49
10	34	96
117	24	84
16	31	37
23	45	10
45	32	9
55	43	104
8	43	26
2	5	16
62	22	120
12	31	30
94	8	93
12	35	44
120	6	20
94	2	66
112	32	116
118	18	59
92	31	41
83	8	77
26	35	20
26	35	13
41	18	17
38	8	45
68	25	93
96	41	44
135	46	12
104	6	118
55	20	15
109	31	17
66	15	92
66	31	44
93	31	115
49	31	123
55	34	104
35	31	19
12	16	14
57	3	50
18	45	45
131	6	37
23	31	38
120	40	104
49	31	116
69	18	7
30	31	72
79	33	55
123	42	85
39	2	125
30	35	122
38	31	128
83	40	65
74	34	60
124	45	105
18	31	17
37	27	132
74	34	41
10	5	55
74	31	19
104	40	41
12	43	4
3	45	10
75	31	60
74	5	96
97	45	18
135	46	11
93	18	90
15	31	87
39	25	135
64	18	24
96	41	104
15	43	44
68	2	21
133	5	11
35	40	26
87	28	26
128	45	7
39	27	101
38	35	51
63	43	44
80	5	104
123	35	17
112	31	19
104	43	41
128	45	13
78	18	59
104	16	39
18	31	60
35	6	100
3	18	59
44	23	38
12	31	38
109	25	76
114	33	82
112	45	92
115	40	109
19	8	68
118	45	122
77	31	60
68	25	99
83	6	62
108	42	85
61	34	55
41	16	33
67	23	38
123	43	55
97	21	99
95	40	17
103	45	18
106	31	30
92	31	116
52	6	7
13	18	59
60	31	72
116	35	69
38	43	123
11	43	60
127	45	7
87	43	16
51	40	3
34	40	22
15	35	38
116	35	127
109	3	41
124	45	3
50	3	8
35	8	97
112	5	16
48	42	85
42	38	30
9	8	97
44	8	45
71	31	38
72	42	85
43	42	89
94	25	108
26	41	116
12	35	127
15	34	16
11	43	16
12	8	61
74	46	44
130	34	116
116	43	12
76	4	44
80	5	44
77	31	44
19	31	91
14	8	99
104	40	34
44	35	122
97	45	130
33	8	64
29	18	24
12	16	41
42	38	26
94	2	21
9	6	100
126	5	44
17	18	46
95	19	117
14	8	108
87	35	127
21	42	85
11	43	17
18	31	19
96	35	100
55	35	7
83	40	109
1	7	94
72	5	44
9	6	122
97	5	44
9	6	69
30	35	60
19	31	87
96	35	44
15	23	44
129	40	66
104	6	53
42	23	87
106	5	16
130	31	12
97	5	11
63	43	50
104	43	109
90	42	85
112	34	96
66	3	96
100	18	7
79	15	74
60	8	25
114	33	44
122	18	128
55	35	13
13	45	7
16	40	34
74	21	99
96	28	44
3	5	12
12	16	68
45	32	30
130	34	55
52	40	17
75	45	130
18	18	24
87	35	17
130	18	24
109	46	12
22	45	61
11	32	38
83	8	105
15	43	30
96	8	62
77	45	103
96	35	60
16	23	116
60	35	7
42	17	16
68	18	39
10	34	116
83	6	128
85	42	89
92	45	23
129	37	107
65	42	85
1	42	89
124	5	50
50	40	15
25	34	55
87	35	128
77	5	104
9	40	96
69	27	132
10	31	41
121	18	54
83	40	104
6	45	10
45	32	62
132	3	8
60	8	102
55	31	20
10	32	35
8	43	12
105	31	38
42	3	16
107	31	116
2	45	92
62	40	34
66	31	55
74	32	116
10	5	11
44	35	7
33	27	132
45	32	120
93	31	94
105	45	32
43	14	30
43	43	63
52	6	65
25	5	50
40	5	55
106	45	105
124	45	103
14	2	31
71	5	104
41	28	44
79	30	77
19	35	55
112	34	87
33	45	39
45	34	26
97	5	55
16	6	7
9	40	16
105	31	55
125	33	87
99	18	133
3	31	116
126	45	13
39	18	59
26	31	96
66	33	74
87	31	44
38	18	46
17	35	12
62	18	24
74	4	42
37	18	7
19	43	87
66	33	61
35	6	118
123	35	38
8	43	19
111	7	115
75	31	17
109	4	50
106	18	80
96	31	26
12	23	15
96	31	116
96	31	123
2	45	61
124	31	38
117	40	41
55	31	53
80	45	103
128	45	53
9	42	89
79	30	3
55	16	94
22	32	38
104	23	60
35	31	30
60	31	126
123	43	15
135	5	12
83	6	53
123	31	15
54	43	19
14	27	132
12	34	15
96	8	45
111	2	109
11	43	123
96	8	112
45	32	52
96	31	55
132	3	50
9	18	59
112	34	60
77	31	41
116	43	60
107	31	12
43	43	30
9	40	55
3	32	120
86	42	85
50	16	33
19	43	16
66	30	49
6	45	18
83	40	11
130	31	17
92	31	12
16	31	19
130	32	120
124	45	10
77	42	89
10	34	55
22	34	16
38	43	16
86	18	119
44	31	12
129	40	98
45	45	22
67	38	87
11	43	63
96	20	12
11	43	107
45	34	30
35	40	41
104	31	20
52	6	127
12	31	44
77	45	49
12	43	55
119	42	85
19	28	30
19	35	41
66	15	75
52	40	44
6	45	105
109	31	12
66	15	77
3	34	104
79	33	102
30	43	17
96	35	30
65	5	12
58	24	38
35	40	65
39	25	93
129	37	31
92	34	41
80	45	75
83	8	102
113	40	48
23	5	50
15	18	46
128	18	59
53	42	85
77	31	123
114	33	130
15	31	38
60	35	96
3	32	35
103	31	30
129	40	48
26	35	7
33	8	76
66	33	32
95	40	104
40	31	96
130	31	41
124	31	15
62	6	20
18	21	99
62	40	26
107	3	44
44	43	107
18	5	11
20	45	53
9	8	75
25	18	29
64	5	50
73	6	122
4	31	132
92	3	72
87	31	122
15	31	96
106	45	23
80	31	116
96	43	109
130	32	52
88	18	90
67	3	16
96	31	41
12	35	26
45	5	15
57	39	11
15	41	12
115	18	59
74	34	55
104	6	72
116	28	38
39	25	99
22	34	104
93	31	14
41	18	119
62	40	41
104	16	33
15	43	79
87	31	41
57	23	104
39	42	89
84	18	59
25	31	60
79	30	105
60	24	58
96	43	123
19	42	85
16	43	19
111	7	113
62	6	122
55	35	38
131	6	13
44	42	85
73	6	51
32	5	55
130	45	61
130	21	99
79	33	87
41	43	17
22	31	116
4	3	56
11	32	30
106	18	32
130	5	55
34	45	122
67	38	30
25	34	87
45	31	12
66	30	23
84	18	5
40	31	60
44	28	96
60	42	89
33	3	55
36	42	85
68	8	99
79	17	55
46	43	12
19	31	132
97	18	80
21	18	86
71	31	44
39	8	133
114	33	102
15	31	65
55	43	101
55	31	38
15	18	119
39	27	4
57	14	22
6	45	32
57	39	116
41	35	65
37	27	4
115	40	107
47	18	54
116	31	12
8	44	51
130	4	44
104	43	79
89	18	59
17	18	119
17	18	123
132	35	4
114	33	75
57	14	116
130	45	10
109	46	15
68	8	93
17	31	7
68	25	108
12	31	128
116	31	126
77	45	32
114	3	11
48	3	41
55	8	25
79	30	17
105	5	15
43	43	116
100	42	85
76	4	96
109	31	87
44	23	12
41	20	15
33	2	4
26	31	128
3	5	104
2	5	55
60	31	116
45	5	50
113	8	110
11	32	83
135	5	96
92	5	55
106	31	87
15	31	122
87	35	30
77	5	41
23	5	55
17	35	122
41	31	126
104	6	69
6	31	41
44	43	109
104	16	94
44	28	15
113	40	109
44	34	16
116	31	51
12	23	44
57	14	26
55	35	118
80	5	41
9	8	106
22	31	41
38	35	30
82	14	121
50	43	109
62	40	30
38	35	127
12	8	3
3	31	96
91	40	61
131	6	34
8	23	87
50	16	14
103	45	22
68	2	48
130	5	50
15	16	96
62	40	66
35	40	11
38	28	19
14	2	125
62	40	109
120	19	9
105	45	22
99	5	50
22	5	104
117	1	62
83	40	116
79	15	102
132	3	94
22	42	89
66	31	87
60	41	38
94	2	4
75	31	87
66	31	96
17	35	30
74	42	85
50	31	118
30	31	26
55	34	11
130	17	15
126	18	24
15	31	7
41	31	20
96	31	38
15	43	87
60	43	63
120	6	127
120	18	131
97	45	3
10	42	89
87	43	26
32	5	15
87	35	118
112	34	26
79	42	85
57	3	44
91	45	128
66	30	92
111	17	15
113	40	107
45	45	25
87	35	12
44	16	41
30	28	26
111	8	108
105	31	87
55	31	100
47	42	89
113	37	48
80	45	130
48	11	85
2	45	112
12	43	50
100	18	128
124	45	61
75	5	44
19	31	122
135	4	11
66	11	89
51	45	53
79	30	60
80	45	45
19	31	37
112	32	9
104	34	16
11	43	132
80	45	2
107	31	41
26	31	126
131	6	127
55	20	12
87	35	122
106	45	18
87	31	128
120	40	30
17	43	55
25	34	41
77	45	3
48	18	98
104	43	96
101	31	132
116	35	30
14	8	110
18	5	15
16	40	44
33	25	110
49	31	30
10	5	96
130	34	11
77	45	6
34	40	92
60	31	96
26	31	30
112	32	120
87	31	123
26	35	96
66	3	16
98	3	44
25	3	72
11	16	94
117	40	60
96	35	123
48	3	104
13	42	85
132	3	43
61	34	17
11	43	41
133	5	96
63	43	87
66	30	18
82	14	87
109	4	12
32	31	30
106	21	99
66	33	3
34	45	126
120	6	13
50	31	19
12	20	55
76	4	50
62	40	116
87	31	19
114	33	97
109	34	44
9	6	72
9	6	62
106	5	15
87	35	41
39	2	132
39	8	108
104	43	107
95	40	55
112	34	44
66	30	80
104	16	68
30	31	13
80	5	11
101	3	47
19	31	30
45	5	96
94	2	114
123	18	119
114	3	50
76	46	44
30	35	41
116	35	17
50	23	12
44	31	15
30	18	123
44	31	65
2	45	103
45	31	41
50	43	46
3	32	83
87	28	30
129	40	114
22	18	24
87	8	102
61	34	38
120	42	85
79	30	124
26	35	72
87	35	53
10	32	62
49	31	87
83	40	96
68	2	132
62	6	127
60	35	15
25	34	17
18	31	55
49	5	55
100	27	4
71	45	103
135	4	16
16	18	59
79	15	18
10	34	19
5	18	90
9	6	128
96	8	61
68	8	135
61	34	19
10	34	11
66	3	11
79	33	82
80	31	87
8	42	89
130	45	23
26	31	53
104	6	37
96	43	15
26	35	91
27	43	19
132	3	96
66	33	112
112	45	23
66	15	6
99	5	15
50	23	60
25	32	38
87	43	44
71	18	32
9	6	37
97	18	106
38	31	72
100	45	122
41	8	112
112	45	25
29	5	55
22	31	30
55	23	41
30	43	96
22	32	19
52	40	12
79	33	75
120	40	55
3	34	30
8	44	122
50	43	116
53	45	7
112	3	72
103	45	45
117	29	9
2	45	45
121	44	77
61	18	18
64	5	12
35	6	53
8	43	46
44	34	12
44	16	11
92	34	26
41	18	12
57	14	60
106	18	24
30	31	34
26	35	126
22	42	85
11	43	44
83	6	34
79	15	3
42	3	55
104	43	55
66	25	135
70	18	63
94	25	135
33	18	59
73	18	24
3	45	32
17	43	12
66	30	103
66	30	61
17	31	96
44	31	101
65	40	3
41	43	87
125	18	86
12	35	116
135	5	50
96	35	37
19	43	55
17	35	128
11	32	19
38	35	19
126	27	132
16	43	79
25	5	96
71	45	22
11	43	4
116	35	91
77	45	23
113	37	79
3	32	60
30	31	41
79	11	109
44	43	50
51	45	37
15	3	55
131	40	118
97	5	96
22	3	72
3	31	38
51	42	85
43	44	34
14	45	94
17	43	63
72	45	7
15	31	53
118	45	69
26	18	46
16	43	66
65	40	22
17	31	60
66	15	105
113	18	59
83	19	117
105	31	116
130	34	16
65	45	20
126	45	37
60	43	123
50	6	69
60	8	112
105	42	85
38	35	41
79	33	41
79	11	89
75	18	32
62	40	87
19	35	69
124	31	96
71	5	11
6	5	11
74	46	55
50	43	96
132	3	16
12	31	26
126	27	101
12	43	70
134	42	89
22	45	23
42	23	55
80	31	19
44	31	116
68	8	133
112	34	11
96	43	60
33	45	94
55	41	104
97	45	112
15	23	55
22	31	15
87	35	55
79	18	119
94	8	110
66	15	112
60	43	26
107	3	12
104	31	7
95	18	90
104	43	101
15	42	85
50	43	107
61	34	16
43	23	87
97	45	32
55	34	50
55	28	96
30	31	37
96	34	12
115	40	66
65	40	25
32	31	38
132	3	104
29	5	44
69	45	37
71	31	26
80	31	41
19	31	13
13	45	127
19	31	44
99	5	44
66	33	105
123	18	46
50	43	66
114	33	25
94	2	125
39	8	99
25	34	11
102	6	120
134	42	85
11	34	50
55	35	51
60	43	41
9	8	45
39	2	4
60	35	26
56	44	94
92	32	38
38	18	119
65	45	7
15	43	123
79	17	104
34	5	96
17	31	41
89	42	85
2	45	6
19	43	46
25	32	19
19	35	12
117	43	19
41	8	25
117	18	27
116	43	11
101	23	19
50	6	126
77	5	55
80	31	96
55	43	96
66	15	25
94	8	64
82	18	59
66	33	80
6	18	32
38	31	30
38	28	26
12	31	60
118	40	3
56	44	111
26	18	30
104	31	118
16	43	104
80	45	112
4	18	86
43	23	26
71	45	92
74	18	29
95	40	16
45	34	96
42	38	43
15	28	96
26	43	41
50	43	15
16	6	34
15	23	96
41	43	16
117	12	9
70	43	30
111	7	129
72	40	61
50	40	34
60	35	69
55	8	102
118	45	128
12	31	123
96	18	12
80	45	74
55	35	127
60	35	51
98	18	86
41	43	132
40	31	19
40	42	85
3	5	41
96	8	3
120	8	106
70	43	50
60	31	91
12	16	11
57	39	104
19	43	15
12	35	15
114	33	8
12	34	50
17	35	13
50	31	127
39	2	86
112	32	87
66	33	12
55	35	91
122	45	20
111	7	1
52	8	105
76	46	15
82	14	47
6	45	92
42	42	85
11	32	26
79	33	123
100	27	101
109	4	15
66	17	104
96	31	126
98	3	16
124	45	112
44	43	12
116	35	41
120	40	16
42	23	38
79	15	105
15	35	122
130	34	60
120	40	41
26	8	68
26	31	7
46	43	16
43	14	26
15	41	16
80	18	29
79	31	26
66	33	102
80	45	92
103	18	29
41	34	96
16	6	100
50	43	16
41	43	50
50	43	87
135	46	55
10	18	29
67	38	8
114	33	2
79	3	44
98	3	50
34	42	89
17	43	116
8	44	7
105	45	25
57	23	19
77	31	96
77	18	59
66	3	104
65	45	126
61	32	38
26	18	119
50	23	55
22	34	12
64	5	41
91	40	3
130	31	123
57	38	26
19	31	17
107	31	60
3	5	15
41	16	68
68	27	4
111	25	99
124	45	97
115	40	48
16	42	85
44	35	96
83	40	118
73	6	13
17	35	38
3	31	44
70	42	89
135	5	16
43	42	85
87	43	123
6	5	55
67	23	30
105	5	104
39	25	76
26	31	17
51	45	100
50	6	53
79	33	6
39	8	93
59	42	85
42	23	12
12	35	65
130	31	96
50	31	7
112	31	41
55	35	116
31	3	44
10	32	52
90	18	59
62	40	38
107	3	41
75	45	22
58	24	26
45	32	83
55	16	96
130	4	104
51	45	122
17	31	116
123	35	44
10	31	17
79	15	97
104	31	126
74	18	32
96	34	44
57	3	15
71	45	130
60	28	26
70	43	26
114	33	22
25	18	32
22	5	41
126	27	4
83	8	22
129	37	98
130	17	12
49	45	92
22	32	73
120	6	128
35	40	38
118	45	20
133	42	85
30	35	123
39	8	76
21	42	89
102	26	62
74	32	60
114	42	85
38	43	11
74	32	38
75	31	26
30	35	91
6	5	96
105	45	74
109	31	15
2	31	26
95	40	26
121	18	28
77	31	26
22	32	26
69	45	126
116	35	96
22	31	44
127	45	37
12	31	37
81	42	89
111	8	76
103	18	80
87	16	58
111	2	101
35	37	116
74	31	26
122	27	4
10	34	38
66	30	10
29	5	11
66	30	105
16	43	55
73	40	96
34	18	7
87	18	119
17	35	51
52	42	85
17	31	38
82	14	26
17	31	53
76	5	41
77	18	32
30	28	38
45	34	44
99	18	59
60	43	50
41	42	85
56	44	14
19	31	118
68	8	76
8	44	53
120	40	96
130	31	19
74	46	41
115	18	90
31	3	96
39	8	110
57	39	16
127	18	69
41	43	55
67	3	55
12	16	94
130	31	44
130	5	44
106	45	3
102	29	73
12	23	30
30	31	127
38	16	58
47	3	104
66	31	19
73	40	12
67	3	104
12	8	102
116	43	38
15	43	16
14	25	76
87	31	127
44	31	96
131	6	7
117	40	16
66	33	23
109	34	55
38	31	26
76	5	55
67	23	116
12	35	34
15	16	39
120	1	117
95	18	59
96	23	87
55	35	60
30	35	19
51	18	7
15	31	118
60	43	19
44	43	30
103	31	15
26	43	70
55	31	116
106	45	74
79	15	106
124	31	41
66	15	97
112	31	30
44	28	55
66	30	130
30	35	128
106	42	89
10	34	26
53	42	89
16	16	39
92	31	60
112	34	17
83	40	19
112	34	41
130	18	18
124	5	15
129	18	90
67	23	87
63	43	70
94	2	134
17	43	26
92	45	10
67	38	26
77	5	11
74	32	52
132	43	19
26	43	11
71	18	80
16	23	26
9	24	84
96	35	38
116	35	55
61	39	12
107	42	85
12	43	63
49	45	112
18	31	96
114	33	45
44	41	12
113	8	108
104	43	70
49	31	41
131	6	69
103	5	44
30	31	38
78	38	101
94	27	101
18	5	96
128	27	4
19	35	87
7	18	59
9	42	85
62	6	7
79	31	17
57	14	6
61	31	38
30	43	26
55	31	96
16	6	126
79	30	19
10	5	41
129	37	48
109	31	30
26	35	44
126	18	7
104	18	131
42	38	8
109	34	60
19	35	123
97	31	12
22	5	44
36	42	89
51	45	20
62	40	15
102	42	85
109	34	96
27	18	59
3	32	116
41	43	15
1	40	107
31	18	119
71	45	32
30	35	118
55	35	126
116	8	112
128	42	89
115	37	31
60	31	13
130	31	26
38	35	17
15	35	72
44	31	30
91	45	69
60	31	8
19	8	102
72	18	24
105	45	49
55	28	44
79	33	3
130	45	22
44	23	19
104	31	122
25	32	73
92	34	38
12	43	60
10	34	17
128	18	7
45	31	38
77	45	106
30	35	55
71	31	19
60	31	34
33	3	50
38	35	7
71	31	30
106	45	97
16	6	51
104	31	128
55	43	50
87	31	26
87	31	65
73	40	87
42	23	11
61	45	23
61	31	41
44	35	126
19	8	25
61	31	19
115	37	98
19	31	128
41	31	116
96	31	128
12	31	72
61	31	12
95	18	27
44	16	33
123	43	46
92	21	99
116	31	43
37	45	53
8	44	20
57	43	79
41	43	26
15	35	87
79	42	89
101	3	89
92	34	104
15	35	118
38	31	13
15	31	37
16	16	68
22	31	26
52	18	131
34	45	65
125	33	61
86	42	89
87	35	34
17	43	38
83	31	30
66	15	80
49	5	44
70	43	63
9	40	19
40	31	55
87	31	34
15	41	50
2	45	75
20	18	69
71	31	12
132	3	56
104	31	26
98	3	55
96	31	30
55	31	19
120	6	118
61	5	11
133	5	12
55	35	12
14	25	133
79	31	30
42	23	15
117	24	52
45	34	104
74	34	50
104	18	24
42	41	67
12	35	87
130	31	87
116	43	46
74	45	3
16	31	69
135	5	11
62	29	83
36	18	54
12	8	92
111	25	108
44	35	26
116	8	61
40	5	96
16	31	53
55	18	17
61	18	29
97	45	25
96	31	87
12	43	30
112	32	38
57	14	18
73	42	89
124	5	44
12	8	112
75	5	15
116	31	30
44	34	50
28	42	85
51	45	34
10	31	123
28	43	19
40	5	12
92	34	15
50	43	38
49	31	60
38	31	127
83	40	41
26	31	19
45	34	16
13	45	37
68	8	108
61	5	41
50	41	16
31	18	98
76	42	89
62	8	105
61	39	96
57	14	45
33	42	89
100	45	127
96	31	118
36	44	35
120	8	97
125	33	12
41	3	55
124	31	60
60	35	128
123	35	87
62	40	96
49	31	44
12	16	111
26	31	51
50	23	19
40	31	30
79	33	8
66	33	123
38	35	87
9	18	131
45	18	32
25	32	120
45	32	73
50	43	26
23	31	41
57	41	67
74	45	22
66	33	44
6	31	55
96	34	11
32	31	15
98	11	85
124	5	104
133	18	59
50	43	41
62	18	59
92	31	87
122	18	59
19	8	3
83	6	126
92	34	116
80	5	50
71	31	96
29	21	99
80	5	12
44	23	60
40	42	89
91	45	118
44	31	38
26	35	116
42	38	96
105	45	3
103	45	92
19	43	96
25	32	87
25	45	92
9	40	34
57	14	61
16	23	12
8	14	26
97	5	104
84	43	19
108	18	59
50	31	34
116	41	87
112	34	104
87	35	20
60	42	85
114	33	112
79	30	23
94	42	89
76	5	12
96	3	44
57	38	44
32	5	44
21	3	96
41	16	96
111	4	94
76	5	15
42	17	41
105	5	44
35	6	20
8	44	118
26	28	87
61	42	85
79	30	106
135	18	133
16	6	127
41	16	39
76	5	96
129	40	31
116	35	87
113	37	114
2	5	44
120	6	100
61	34	12
11	34	41
126	42	89
25	34	96
8	44	100
19	31	116
34	5	55
11	16	33
17	35	19
96	43	16
32	18	59
104	43	123
116	31	72
130	18	29
16	31	100
92	18	32
43	44	51
30	31	87
63	43	17
70	43	41
14	25	93
8	44	37
73	40	26
42	38	44
8	44	34
87	8	25
60	43	38
42	38	60
33	8	108
18	45	92
35	40	44
43	44	72
41	31	44
75	42	89
38	31	118
17	35	123
104	23	17
10	18	24
2	31	44
12	42	89
60	43	12
116	43	26
41	31	37
71	42	85
74	42	89
79	31	44
21	3	44
66	33	26
109	4	96
130	5	41
12	18	119
75	5	11
15	18	17
41	31	96
12	43	15
6	5	104
92	34	50
126	45	53
80	45	77
16	43	87
38	35	60
44	41	16
80	5	55
94	2	101
83	40	16
118	45	100
38	41	116
57	42	85
44	18	12
96	31	20
57	14	75
80	45	32
16	43	109
109	25	64
35	40	87
128	45	127
66	15	103
78	38	134
17	43	87
62	24	84
74	4	44
52	40	60
12	35	100
4	31	19
26	35	122
122	18	7
123	43	116
79	3	15
96	43	79
112	42	85
38	43	12
52	18	59
124	42	89
88	42	85
135	42	89
67	3	12
116	42	89
116	35	100
104	43	17
126	42	85
11	43	116
42	38	87
55	31	37
111	8	135
17	43	16
78	38	48
44	28	12
77	31	30
75	31	30
43	20	8
40	31	15
80	45	23
14	2	132
17	35	7
77	45	130
30	35	127
21	3	16
6	31	87
44	35	13
57	39	12
65	40	45
102	21	99
105	45	112
52	8	124
60	43	30
111	8	110
44	43	38
18	45	10
36	43	19
17	31	123
104	31	34
12	31	15
111	25	135
19	31	26
60	35	91
17	35	116
114	11	109
41	43	30
18	31	15
40	5	16
44	43	15
41	20	55
57	23	44
66	15	18
12	18	123
12	35	19
121	42	85
104	43	38
41	28	96
52	6	118
12	16	39
35	18	52
42	3	50
57	38	96
132	23	19
26	28	116
96	35	127
44	3	41
109	25	40
57	38	43
96	18	119
37	27	101
130	34	104
50	34	104
18	31	116
132	3	33
38	43	50
11	32	87
22	5	96
122	42	85
12	43	46
109	42	85
79	33	97
45	18	59
79	33	116
44	35	128
116	43	70
73	40	17
41	28	12
38	35	12
38	28	116
22	18	32
132	3	111
47	3	12
15	8	25
87	43	46
15	43	41
62	6	72
87	35	13
18	45	3
111	2	125
78	42	85
14	2	109
17	35	100
10	32	9
71	31	15
66	25	130
16	31	126
32	31	12
81	18	54
87	42	89
104	43	15
133	18	24
97	45	49
40	31	41
57	14	92
35	40	17
82	14	36
48	3	44
92	32	73
10	34	15
61	3	72
130	45	112
11	43	30
10	5	104
105	18	24
96	8	22
74	45	92
3	34	96
77	45	25
15	35	127
135	18	59
9	40	50
97	31	123
12	34	104
131	40	72
44	8	62
16	16	14
19	43	11
38	31	126
15	3	43
78	38	66
61	34	60
41	31	15
111	25	110
44	43	96
38	42	85
34	45	37
82	14	116
72	45	128
12	31	100
33	18	90
79	33	45
117	40	104
100	27	132
125	33	123
97	5	41
42	23	44
35	10	102
129	8	93
38	8	92
47	3	96
8	14	30
111	45	68
109	25	130
73	6	91
79	17	16
110	42	85
134	11	109
44	43	104
32	31	96
15	43	109
134	18	119
30	42	85
12	31	116
117	10	62
37	18	69
120	8	6
12	18	17
10	34	30
45	34	19
79	33	106
41	43	101
81	18	90
117	40	116
95	24	52
16	43	116
12	41	50
76	4	12
3	34	12
79	33	96
17	35	126
71	5	50
49	45	3
79	30	123
94	45	39
12	23	55
79	33	105
6	31	60
19	43	123
14	2	101
74	32	120
48	3	11
44	16	39
19	43	50
41	16	14
123	31	30
46	43	60
50	6	118
62	6	126
50	31	87
83	6	72
76	46	41
61	32	83
41	31	127
35	40	116
96	41	16
18	45	112
77	45	92
104	6	65
44	43	66
101	31	19
55	42	85
66	30	97
88	18	59
12	43	101
32	21	99
15	43	11
17	31	44
120	6	65
41	35	13
91	45	65
97	5	12
106	45	22
52	6	128
79	15	71
74	31	12
44	23	96
96	42	85
16	6	72
52	6	91
6	31	38
41	31	60
112	31	17
73	6	69
3	32	30
66	30	124
103	31	17
61	34	104
11	43	12
98	18	119
22	32	83
114	33	38
22	31	12
107	3	55
30	31	128
82	24	109
124	5	12
12	43	87
113	42	89
104	18	59
1	40	48
100	45	37
30	43	104
18	31	87
34	45	53
118	40	92
93	42	89
30	31	100
57	14	38
103	18	24
61	21	99
57	38	15
38	31	60
4	3	43
79	30	38
22	34	26
12	31	41
15	31	69
79	17	41
104	31	116
117	40	83
87	31	7
117	40	109
79	3	96
19	18	119
6	45	23
123	35	19
7	42	89
18	45	25
15	35	69
94	2	31
40	5	11
3	5	44
73	6	126
125	33	96
22	34	19
111	13	85
60	43	15
43	43	123
8	14	19
13	27	101
120	40	95
68	2	66
115	8	110
87	8	3
44	35	60
15	41	55
133	5	16
120	8	3
102	9	124
106	5	44
26	35	55
83	8	45
87	42	85
68	42	89
45	31	19
64	5	15
41	28	55
120	8	112
60	35	72
50	43	19
44	31	19
30	28	116
71	45	23
130	31	116
135	4	42
123	35	60
51	40	22
109	4	16
46	43	50
91	45	126
35	6	122
50	6	122
83	10	102
114	33	61
96	34	41
41	43	38
60	43	96
10	31	30
55	35	100
14	2	98
31	3	11
18	31	44
102	5	44
52	8	102
16	23	55
12	31	53
112	31	38
96	41	41
65	5	15
67	3	44
69	18	59
41	35	91
15	31	20
67	38	96
25	34	19
112	34	12
75	31	55
26	31	122
45	34	50
11	43	87
125	3	55
96	20	55
120	40	11
60	35	122
114	33	80
81	18	28
35	40	15
93	31	1
107	31	26
67	23	16
22	32	116
124	45	6
23	5	12
114	33	58
104	31	60
15	16	111
101	23	44
13	45	20
104	6	7
41	35	69
74	31	44
17	31	20
13	18	128
105	5	96
15	43	132
131	6	20
57	14	19
96	35	72
33	27	101
38	43	17
74	32	83
112	42	89
29	5	16
26	35	38
87	43	50
50	6	51
44	35	123
15	31	12
44	43	123
96	41	50
104	42	89
26	43	50
114	31	19
41	31	53
26	43	96
55	31	7
94	27	132
61	32	62
74	45	23
131	6	53
3	32	26
41	35	53
68	27	132
116	35	20
19	35	15
49	42	89
34	18	24
117	40	50
35	18	131
55	3	43
92	32	60
22	32	52
34	40	3
68	45	94
123	35	26
34	45	128
10	31	44
102	5	41
12	23	60
132	3	44
41	35	60
94	25	110
96	31	72
103	18	32
118	45	13
117	40	96
124	5	16
66	33	124
57	18	67
33	8	99
11	3	43
63	43	41
131	6	128
55	31	34
41	35	17
107	31	96
124	18	29
35	8	75
127	42	85
35	6	72
2	31	30
111	13	89
105	45	103
12	34	16
4	42	85
76	5	44
64	42	89
112	32	19
72	45	37
50	42	89
130	46	12
83	8	25
53	18	7
14	42	85
103	31	41
44	31	87
9	40	30
51	45	128
104	31	38
62	40	16
110	18	59
42	38	15
113	40	31
25	5	12
67	23	104
97	5	15
48	18	119
13	18	24
55	8	3
96	31	44
30	31	60
118	5	15
31	3	15
97	18	24
112	18	24
2	42	85
113	40	98
25	5	104
35	8	92
25	42	85
42	18	67
79	30	6
55	20	41
15	31	91
109	31	44
40	31	26
3	34	38
72	42	89
19	43	132
55	8	22
120	42	89
19	35	44
72	40	3
44	41	50
50	31	116
60	31	128
12	35	72
26	35	30
116	31	41
18	31	123
60	31	123
15	8	61
55	35	20
74	32	62
97	18	59
19	43	30
45	34	60
15	31	13
124	45	92
60	35	34
118	5	44
68	2	134
79	33	112
116	43	104
45	21	99
16	31	30
66	33	97
96	28	55
19	31	12
96	28	15
115	40	114
94	18	90
12	34	44
60	35	13
44	43	132
125	33	18
75	45	3
66	31	26
103	45	10
104	31	87
96	43	41
12	35	7
29	5	50
46	43	55
50	31	20
83	8	6
55	23	19
61	18	24
35	6	69
126	45	7
92	31	96
125	33	112
132	3	55
26	35	53
116	43	87
63	43	96
60	35	65
109	3	50
52	8	25
15	35	128
7	42	85
6	45	45
15	41	104
33	3	41
1	37	109
55	23	96
123	31	12
96	23	38
4	3	14
67	3	15
46	43	15
8	43	60
12	35	38
19	31	38
23	18	24
83	40	44
26	8	102
3	34	44
57	39	87
71	31	17
32	18	24
60	28	38
69	27	101
15	16	68
55	31	127
67	38	19
104	34	50
116	35	15
83	8	2
123	31	55
3	42	85
43	44	122
122	45	37
17	43	11
49	31	12
130	4	15
19	31	60
26	35	100
72	5	55
12	23	19
48	3	16
19	43	116
57	23	16
99	42	85
61	31	87
75	5	41
120	8	22
116	28	30
116	43	19
87	43	19
96	16	68
130	4	16
41	8	61
96	16	14
19	35	122
116	35	7
44	43	116
115	37	114
10	18	32
25	32	26
94	8	99
87	35	37
31	3	41
15	43	12
61	31	30
93	31	39
66	3	44
38	31	100
30	42	89
50	6	127
75	45	103
14	25	135
116	35	128
57	23	50
103	31	60
131	6	65
115	37	79
43	44	100
22	34	116
96	35	122
85	18	59
38	43	44
55	31	128
125	33	102
45	34	17
104	43	16
30	31	65
116	18	17
22	5	11
127	18	59
60	43	70
79	15	2
68	25	133
135	18	24
16	6	37
40	31	116
31	3	16
105	18	32
96	35	15
31	3	55
75	5	16
74	4	16
79	33	58
1	40	79
61	32	26
26	35	41
84	24	52
103	45	74
114	33	12
10	32	120
38	31	116
44	23	11
19	16	58
72	45	126
19	31	7
74	34	87
57	14	112
87	43	17
26	28	38
17	43	30
94	2	79
55	34	16
124	5	41
116	42	85
8	43	38
18	31	26
55	23	38
133	5	55
69	45	127
61	5	16
25	31	12
12	18	46
19	35	30
79	33	25
3	5	16
41	35	12
11	34	16
96	35	41
15	8	45
79	15	32
30	18	119
16	43	41
125	33	55
97	45	45
26	31	65
44	35	41
3	5	96
26	28	60
105	31	41
74	45	25
34	18	59
87	28	60
100	42	89
130	17	96
26	35	12
65	45	69
132	3	14
10	45	32
82	14	60
66	25	99
33	45	68
68	25	64
8	44	91
76	18	24
111	27	4
125	33	124
83	8	112
102	5	11
124	31	17
52	40	38
60	31	41
10	31	38
106	45	45
94	8	108
26	43	55
41	35	72
39	42	85
40	31	44
44	35	38
26	35	15
68	8	110
44	8	92
60	43	16
19	35	116
41	41	55
106	31	15
66	3	55
125	33	106
3	31	60
89	18	85
96	31	13
61	32	60
3	34	11
80	5	96
50	43	104
16	43	70
35	8	77
16	18	24
111	18	90
79	31	55
116	35	44
112	5	15
12	23	26
111	2	4
103	31	44
102	18	24
40	31	38
96	23	55
8	23	26
19	35	53
75	18	59
12	43	132
17	43	15
15	23	41
73	6	20
39	2	79
31	3	104
123	35	41
38	31	53
124	45	75
96	43	107
105	31	60
23	18	29
35	31	87
94	25	133
99	5	12
26	28	30
92	32	52
34	5	12
105	21	99
92	31	123
35	6	9
107	3	96
9	40	38
96	31	7
50	23	41
66	31	60
6	31	30
30	31	69
40	21	99
39	8	135
57	14	102
20	18	128
74	31	116
64	42	85
80	45	97
62	6	53
31	11	89
11	16	39
98	3	12
67	38	17
49	31	96
76	46	11
61	5	12
55	35	41
17	8	61
22	34	15
43	44	65
19	35	13
50	31	65
38	43	15
130	32	9
1	37	98
70	43	17
21	3	15
116	31	87
83	40	15
30	8	45
116	16	58
118	40	61
123	31	19
33	8	110
19	35	96
33	25	133
92	32	30
74	5	44
51	45	72
117	40	44
35	40	50
41	35	122
66	25	133
117	40	12
23	42	89
42	23	26
94	25	93
6	5	41
1	37	48
92	34	19
103	31	116
22	45	10
12	23	116
1	8	108
60	31	19
116	35	34
112	32	30
19	31	51
4	3	68
26	43	17
26	31	60
25	32	9
57	42	89
46	18	119
5	42	85
94	18	59
87	31	91
112	45	61
55	16	11
33	25	99
67	23	19
57	23	11
3	45	92
79	30	26
19	42	89
77	18	24
50	31	128
102	9	105
107	11	89
44	31	34
69	45	128
79	33	80
44	31	122
103	45	61
106	45	92
79	17	11
103	5	96
19	35	7
96	16	111
87	18	123
60	43	44
95	24	84
48	42	89
133	5	50
55	41	12
16	40	118
96	28	12
2	45	130
92	42	89
23	31	15
63	43	60
52	40	87
25	45	61
74	5	11
124	18	24
38	35	123
114	33	87
66	33	22
105	45	61
14	2	66
79	3	50
66	30	112
12	3	8
52	8	112
79	15	92
6	45	106
1	40	31
61	31	26
94	2	109
77	5	44
2	45	10
41	23	96
72	18	59
45	32	19
96	35	69
99	42	89
38	28	87
50	31	13
57	38	12
38	35	72
74	5	41
106	45	61
3	31	26
16	23	41
66	18	98
83	31	60
92	34	60
92	31	55
73	40	116
91	40	112
45	32	26
35	6	7
83	6	69
60	18	46
41	23	38
44	18	119
115	37	48
32	31	55
55	43	123
107	3	50
45	5	11
39	2	109
62	40	60
83	8	3
62	29	102
49	5	11
65	5	96
96	31	53
32	5	41
96	23	60
19	41	30
38	43	41
117	18	90
15	35	17
135	4	15
60	35	87
16	34	104
2	31	87
96	23	44
62	8	25
126	45	20
66	15	61
57	14	105
44	31	91
74	17	41
22	32	30
10	32	87
26	35	128
41	23	30
4	3	39
120	40	66
94	8	133
73	18	59
15	34	104
55	35	19
102	5	16
33	3	15
30	35	37
104	3	8
12	43	38
41	43	11
19	43	4
79	30	80
41	23	116
135	46	15
87	43	55
16	31	87
35	40	12
30	35	34
54	18	59
12	35	37
34	5	41
96	35	51
2	42	89
9	40	104
61	39	55
109	4	41
66	33	17
79	33	26
128	42	85
25	34	38
62	29	9
35	8	61
80	45	22
44	23	15
78	38	79
80	18	32
55	35	34
55	20	44
23	5	96
97	31	30
12	35	41
62	6	34
111	17	12
52	6	34
41	35	20
14	2	107
67	18	59
112	5	12
6	42	85
26	31	15
50	23	38
42	17	15
23	18	32
50	18	131
9	6	53
74	34	15
38	31	19
18	18	32
111	17	96
15	23	26
45	31	17
111	27	101
77	5	16
61	45	32
41	18	46
63	42	85
98	42	89
12	20	15
55	31	91
102	5	15
15	43	38
116	43	41
45	32	38
118	42	89
10	32	26
57	39	96
15	16	33
96	43	38
55	43	132
18	5	12
120	6	72
73	10	102
16	6	53
15	23	12
101	3	43
95	40	116
120	40	117
74	5	50
126	45	128
107	31	38
25	18	24
17	31	12
80	5	16
62	8	61
33	25	76
96	34	55
128	27	101
130	34	44
103	5	12
3	31	12
116	31	8
52	8	61
106	31	123
55	31	26
118	45	37
17	43	123
10	31	60
102	5	50
38	43	46
117	10	102
124	45	18
61	32	30
120	6	53
26	31	13
103	42	89
44	43	4
11	32	52
16	34	50
112	31	55
55	31	60
94	2	107
67	38	38
16	43	17
30	8	102
80	45	71
38	35	128
83	40	30
30	43	44
3	3	72
66	33	103
79	30	97
6	45	22
42	17	12
114	33	10
66	15	49
112	21	99
22	5	55
55	41	11
55	43	46
120	8	61
42	23	41
19	35	127
19	41	116
103	31	123
17	35	53
113	37	66
99	18	24
104	23	41
128	45	122
87	8	83
56	18	59
8	18	43
25	21	99
93	31	113
41	34	11
61	42	89
35	40	34
11	42	89
120	8	124
51	42	89
93	31	68
96	35	13
103	45	25
35	6	126
44	28	41
11	34	12
123	43	17
49	31	55
12	43	11
38	31	7
15	16	94
112	34	50
14	8	135
80	31	38
87	18	17
111	25	64
109	34	41
106	31	26
17	35	118
109	25	135
12	8	25
112	18	59
74	45	10
75	31	38
16	31	7
41	31	87
94	27	4
22	34	60
109	18	98
123	43	26
66	33	55
66	33	41
84	42	89
116	28	87
39	2	21
109	3	16
25	34	44
104	23	55
97	31	87
102	18	29
2	31	15
107	18	119
10	5	44
26	8	14
16	31	122
16	6	122
9	40	72
62	40	104
68	2	4
84	18	90
125	33	2
117	40	15
96	35	128
38	28	60
109	31	41
63	43	104
116	35	72
70	43	116
39	2	98
57	3	12
41	43	12
63	43	38
42	3	96
125	33	82
55	35	69
104	6	128
96	8	92
116	35	123
19	8	92
2	21	99
44	43	11
26	35	118
114	33	3
70	43	15
30	43	38
38	35	100
100	18	24
112	31	87
9	40	26
8	43	41
26	8	45
130	5	104
50	6	91
50	23	26
17	31	127
8	43	44
130	34	38
103	5	55
43	43	19
26	43	123
55	31	69
25	45	23
26	43	16
57	39	30
135	42	85
12	20	96
120	40	65
122	27	101
41	3	8
57	14	23
66	15	74
117	40	26
109	31	26
30	8	22
23	31	26
38	42	89
6	5	16
19	18	123
1	40	98
15	8	3
15	34	96
66	31	116
34	45	127
12	31	96
19	43	12
74	32	87
106	31	41
55	43	11
38	35	20
62	40	11
114	42	89
106	31	116
91	40	92
68	2	98
129	18	115
55	42	89
113	37	109
22	32	35
25	34	60
34	45	7
101	18	86
25	32	83
96	42	89
11	32	73
9	10	102
58	42	89
49	45	23
113	37	125
120	19	62
114	33	124
116	31	60
116	31	55
67	38	41
97	45	10
15	35	60
60	35	126
129	42	85
62	8	77
96	35	118
30	31	96
66	15	106
66	31	38
11	43	96
74	34	96
42	38	19
10	5	15
22	34	96
10	18	59
79	17	12
130	34	30
114	11	89
109	34	116
15	43	66
79	18	98
130	32	60
3	18	24
120	6	37
3	42	89
87	31	38
44	31	72
64	18	133
55	43	16
102	9	2
26	35	60
118	5	55
22	5	12
41	3	43
3	45	61
22	32	60
45	34	12
87	43	11
116	31	100
104	43	26
60	18	119
17	35	41
97	45	61
111	42	89
104	43	44
92	5	50
130	34	19
32	5	50
82	14	54
8	43	11
114	3	96
43	44	128
92	32	62
69	45	13
113	8	93
30	43	11
125	3	11
74	34	17
25	42	89
130	34	26
103	31	26
25	32	30
104	6	126
41	35	19
66	30	32
3	18	18
97	31	17
62	8	6
3	45	23
123	43	19
61	32	35
130	32	62
127	45	53
95	42	89
96	16	33
25	31	44
112	31	26
41	31	122
57	38	60
38	35	122
5	18	27
15	20	44
50	31	38
62	6	13
30	35	44
34	5	15
16	16	94
79	30	2
44	34	55
96	36	55
47	3	55
120	1	62
10	32	116
46	43	30
42	23	96
8	44	13
17	43	70
104	40	118
75	5	55
78	38	125
113	37	107
77	31	15
87	43	12
76	18	135
26	42	89
104	23	44
49	31	26
25	5	55
75	18	80
51	40	25
96	31	34
57	14	87
55	35	30
132	31	101
71	45	45
135	46	96
68	2	86
25	45	10
12	43	123
62	40	12
12	35	17
104	40	15
93	31	111
15	3	12
16	43	50
49	18	59
96	18	123
43	14	60
43	43	17
71	45	61
95	40	50
66	31	17
68	18	59
22	18	59
6	31	44
96	3	55
87	35	96
11	32	120
118	40	22
12	23	11
38	31	43
23	31	44
50	23	116
84	18	27
17	8	45
16	31	118
55	35	44
6	18	24
130	31	30
121	18	90
30	43	16
60	35	55
97	45	71
82	42	85
79	3	11
114	3	44
25	31	15
57	14	103
130	32	87
30	31	8
79	30	75
45	32	87
55	31	126
104	23	96
47	3	41
117	18	59
123	43	87
17	42	85
42	17	11
72	40	45
17	8	22
125	3	15
93	42	85
112	45	32
55	43	15
125	33	71
43	43	44
65	40	61
120	10	102
2	5	11
41	23	11
62	6	91
79	30	44
91	45	127
57	39	17
79	30	12
80	5	15
73	40	19
103	31	96
26	31	44
135	5	41
41	35	123
130	45	74
71	31	87
125	33	6
72	45	127
50	40	44
23	31	17
2	18	80
16	23	44
120	18	59
34	45	69
51	40	92
14	18	59
66	30	2
123	31	44
103	31	55
6	45	112
109	4	55
114	33	32
41	31	72
26	35	19
52	6	37
49	5	50
75	31	41
96	43	87
35	6	34
85	18	90
104	43	132
16	40	55
97	31	116
25	34	104
114	33	17
38	31	69
44	35	55
129	40	125
13	42	89
11	43	19
87	35	19
135	4	96
46	43	116
16	23	87
79	15	23
87	31	118
10	34	87
35	40	96
117	40	66
114	11	85
107	18	86
78	18	90
30	35	38
87	35	69
26	41	87
83	31	38
20	18	7
35	8	105
12	31	20
30	35	69
55	23	15
73	6	127
128	45	100
41	8	102
117	40	55
60	31	15
75	18	29
130	34	96
79	31	116
125	33	25
79	30	61
17	35	44
50	31	30
70	43	60
42	23	116
15	34	12
77	31	55
16	40	12
60	35	116
87	31	100
61	34	116
132	3	12
71	31	41
57	14	77
74	31	96
12	35	128
15	43	101
126	45	100
16	31	65
83	6	51
79	30	25
62	6	128
8	14	38
61	32	52
17	35	87
98	3	11
74	4	96
43	18	59
19	31	20
114	3	12
34	45	13
132	3	15
92	18	24
102	9	77
101	42	85
127	18	24
46	43	38
17	31	100
19	31	96
83	31	19
80	31	44
15	31	55
66	30	45
28	18	59
44	8	112
58	18	27
114	18	125
60	31	69
33	25	108
80	45	105
87	35	91
41	35	38
104	43	19
72	5	15
92	34	17
99	5	41
113	42	85
50	6	34
50	43	12
133	5	104
109	31	55
114	33	19
12	31	118
72	45	34
2	18	24
26	35	65
15	23	19
87	43	30
87	43	41
16	3	8
118	45	53
125	33	22
120	40	26
116	8	3
17	31	55
52	18	24
90	42	89
60	28	116
76	4	15
48	3	50
112	5	104
106	5	11
75	31	12
52	8	22
79	33	10
96	43	12
87	35	26
43	43	46
58	43	19
35	8	22
33	3	44
106	31	38
58	18	90
105	5	55
16	31	20
92	32	35
96	43	55
49	45	10
75	45	105
87	8	61
22	31	123
66	15	2
96	43	116
61	31	15
74	4	12
15	3	8
57	38	17
66	33	19
87	31	20
35	31	116
43	23	30
112	31	123
66	33	60
123	43	38
30	35	26
15	35	13
44	34	41
95	40	66
120	40	12
111	2	98
60	35	123
41	8	45
44	41	41
92	31	26
91	40	25
3	34	17
9	40	41
67	42	89
62	40	117
35	42	89
87	28	38
104	43	12
120	40	72
2	5	104
106	5	12
66	33	43
125	33	38
135	4	41
117	10	120
105	5	11
10	31	55
12	31	51
9	40	11
20	42	89
96	43	132
44	35	87
43	44	53
38	35	91
57	14	106
69	45	53
75	5	50
79	33	124
4	18	101
66	33	87
92	34	55
9	8	112
15	34	11
101	31	4
71	18	24
91	18	51
57	23	17
16	6	91
123	35	96
54	42	85
95	40	60
104	23	116
60	31	51
50	16	68
68	2	107
65	18	24
71	18	29
45	42	85
41	23	15
3	5	11
72	45	69
83	6	122
3	31	41
75	31	123
26	43	15
55	31	118
125	33	15
4	18	119
111	2	86
118	40	45
46	42	85
106	18	2
15	43	60
91	45	13
115	37	109
73	22	62
49	45	22
50	43	79
123	43	104
104	43	60
50	40	41
58	24	60
92	5	96
15	35	20
46	43	63
79	33	22
96	34	16
9	8	105
10	34	12
104	6	100
66	30	77
3	31	55
25	34	12
13	45	100
73	40	60
79	33	18
55	23	26
62	40	44
60	35	100
69	18	24
95	40	19
11	16	14
2	45	71
30	43	116
77	18	2
26	35	87
12	43	79
120	40	109
29	18	59
70	43	87
76	4	41
38	35	34
68	25	76
38	35	37
135	46	44
57	38	55
40	5	44
83	6	13
70	43	16
77	45	61
55	43	44
45	3	72
15	43	63
16	18	131
50	6	128
111	45	39
4	43	19
11	18	119
96	3	43
10	31	26
26	31	20
17	35	127
41	31	17
35	8	45
46	43	17
18	45	22
121	42	89
123	31	26
99	5	96
115	8	93
57	39	26
50	16	39
105	5	16
38	43	70
60	16	58
65	5	44
116	31	15
14	25	110
56	42	85
40	18	24
26	31	127
44	23	41
49	5	12
5	43	19
42	23	30
101	3	94
3	32	19
19	20	26
49	31	38
19	18	46
66	17	55
105	45	10
39	2	66
4	31	101
16	31	34
123	43	70
75	31	44
114	18	98
95	19	120
41	35	128
30	31	126
9	8	3
45	31	87
50	16	94
66	33	45
109	25	74
66	33	15
49	5	96
53	18	59
74	17	12
114	33	30
42	38	41
38	31	122
130	32	73
114	3	41
130	5	96
76	4	55
96	3	12
41	43	116
130	45	25
50	23	30
87	8	92
23	31	96
41	31	38
57	14	74
103	31	87
116	31	65
11	43	26
23	31	116
26	43	87
96	35	19
125	33	3
66	33	82
118	42	85
12	41	104
50	18	24
78	38	109
82	18	27
16	31	38
52	40	16
61	5	44
87	31	53
38	35	126
1	40	66
131	6	122
26	24	58
3	18	32
96	35	126
6	31	17
118	18	7
38	31	65
70	43	123
96	16	39
15	43	107
16	43	96
77	45	97
15	31	51
129	18	59
135	4	50
25	31	26
41	35	118
125	33	45
55	34	12
12	31	127
55	31	72
116	31	118
42	38	12
50	31	126
41	43	96
58	18	59
35	8	2
35	18	24
62	40	50
33	2	66
38	43	104
8	43	15
42	23	16
48	18	86
130	32	83
116	18	30
112	18	18
127	42	89
2	45	106
30	43	87
60	31	55
94	25	76
103	18	59
26	35	123
96	35	7
17	31	69
113	40	66
60	18	17
44	8	102
44	34	15
79	33	77
101	18	119
22	34	50
107	31	55
118	40	25
2	31	12
83	18	131
39	2	107
79	15	61
41	43	109
101	3	56
114	33	23
15	18	123
104	3	43
65	5	55
42	3	15
2	45	3
105	5	50
15	31	19
9	18	24
130	34	41
75	31	96
15	35	7
23	31	12
60	31	17
73	40	65
33	2	107
83	8	106
45	34	55
75	5	96
66	31	94
96	35	53
44	34	104
17	8	112
44	43	87
79	3	41
127	27	132
66	11	85
25	31	96
104	6	122
22	32	87
17	8	102
30	35	100
23	18	18
103	42	85
9	40	87
103	31	19
50	31	100
6	18	2
41	43	79
18	5	50
112	45	10
6	18	29
44	41	15
124	31	87
92	34	11
62	6	100
16	31	72
43	14	87
26	31	87
45	32	116
87	31	12
107	31	87
100	18	59
35	6	91
63	42	89
6	31	96
79	31	96
120	40	50
87	43	15
42	17	50
124	18	32
9	6	13
57	14	124
30	18	46
61	31	116
30	31	91
35	31	38
56	44	39
96	18	17
15	31	126
20	42	85
35	37	87
12	8	45
15	31	116
130	42	85
75	45	74
80	31	30
41	35	7
92	18	18
102	5	12
130	45	3
76	18	133
62	6	118
72	45	20
55	28	12
3	18	29
17	8	3
91	42	85
96	3	8
14	2	79
69	45	100
78	38	4
43	43	15
125	25	64
26	8	61
55	31	44
57	43	66
132	3	68
57	14	97
20	27	4
48	3	15
19	18	17
106	5	96
41	31	100
104	40	44
41	8	3
45	18	29
87	28	116
124	31	12
19	35	17
75	45	32
78	38	114
19	35	20
129	37	109
33	3	12
79	31	15
43	44	13
19	31	123
87	18	46
93	31	129
30	35	12
47	43	19
81	18	59
111	8	133
11	43	15
116	35	37
15	31	44
31	42	89
101	3	85
12	43	19
111	17	41
55	23	11
60	16	26
105	31	17
47	42	85
71	45	49
97	31	26
79	31	38
125	42	89
80	45	124
73	18	131
66	33	30
131	6	100
17	35	60
50	43	17
68	45	14
23	18	59
117	18	54
44	31	26
2	45	77
62	8	106
96	31	51
22	34	41
118	5	41
92	31	15
107	31	17
77	5	50
79	30	22
50	31	37
46	43	87
39	2	48
12	31	122
33	2	86
83	6	20
25	32	52
125	33	8
40	5	50
30	35	20
9	18	52
122	18	24
38	35	15
103	21	99
68	2	31
76	4	16
45	45	10
3	34	15
78	38	31
16	43	123
103	45	130
66	17	12
115	42	89
15	43	55
44	23	26
30	31	122
125	11	85
104	43	50
130	45	92
34	45	100
110	42	89
55	31	41
60	8	61
123	35	12
12	8	22
33	3	104
75	5	104
79	30	32
116	35	51
30	35	65
130	34	87
105	45	18
15	28	12
38	35	96
114	3	55
129	8	110
130	32	19
25	34	116
33	2	109
83	6	127
81	42	85
45	45	61
26	31	72
57	23	41
77	31	87
22	34	11
26	31	118
74	34	11
42	23	104
14	18	90
43	43	12
44	43	79
45	18	24
15	43	46
116	8	102
30	31	12
42	3	44
44	20	55
38	8	112
43	44	91
87	35	72
38	35	53
30	43	12
50	43	60
91	45	53
4	3	8
43	43	60
50	40	55
112	5	50
130	31	38
50	16	111
66	33	8
52	8	75
66	33	106
67	42	85
76	10	99
135	5	55
1	42	85
79	3	104
96	35	34
131	6	72
3	21	99
103	5	11
123	35	15
22	5	16
106	45	71
52	40	19
16	16	33
111	2	31
124	31	26
55	16	41
2	31	116
83	40	72
41	35	127
75	45	49
79	17	50
9	8	124
46	43	123
10	32	30
55	35	87
80	18	59
56	42	89
105	18	80
61	39	15
17	31	13
11	43	104
10	34	104
44	43	55
17	31	118
76	42	85
60	31	53
30	31	44
26	31	43
49	18	24
109	34	26
1	37	66
114	33	6
79	31	12
79	33	17
41	3	12
77	45	10
52	40	41
44	18	96
19	31	72
3	5	55
57	3	104
74	32	73
116	35	12
10	31	19
32	18	29
67	38	15
60	35	12
109	4	104
16	16	111
125	3	50
74	34	116
17	43	19
21	3	50
97	31	60
102	9	6
91	45	7
97	18	32
87	31	126
32	5	12
42	18	90
11	16	68
55	41	50
77	5	12
26	41	60
65	45	100
3	34	50
18	45	23
97	45	23
101	3	8
26	31	41
74	46	15
16	43	63
79	3	55
38	8	61
130	4	12
104	31	91
12	28	55
22	5	50
73	6	34
16	40	41
30	43	70
111	2	132
44	35	37
1	37	31
125	3	96
71	5	96
30	35	53
8	14	87
130	17	41
35	6	65
29	42	89
57	39	38
19	41	38
96	35	116
44	20	41
52	8	2
77	42	85
116	35	19
47	3	44
65	5	41
116	31	17
55	31	122
101	3	111
25	31	38
49	18	18
124	21	99
120	29	62
16	43	30
26	43	38
15	43	50
2	31	96
23	31	19
16	6	118
95	43	19
46	43	11
107	3	15
125	3	104
57	39	44
67	23	12
29	5	104
38	35	55
74	5	55
74	31	55
42	3	11
60	28	87
23	42	85
114	33	96
9	6	20
77	31	38
96	41	15
67	38	44
124	5	55
45	31	60
16	40	96
16	31	13
38	31	15
92	42	85
87	35	7
124	31	123
9	8	2
57	23	87
130	5	16
87	31	43
120	6	7
36	18	27
58	42	85
30	8	61
74	34	26
118	45	72
106	45	10
50	40	12
92	45	32
113	18	90
20	45	37
21	18	119
118	40	112
47	18	59
50	31	91
93	31	33
33	3	96
109	4	11
130	45	32
54	18	27
12	23	38
102	5	96
120	6	34
62	6	37
75	18	24
40	18	29
135	5	104
116	8	25
59	42	89
91	45	122
123	43	44
15	35	126
87	18	30
41	31	51
41	35	51
75	45	61
130	31	60
83	8	97
123	43	30
66	25	64
62	8	97
60	31	44
71	45	112
66	33	2
112	18	29
114	33	103
12	43	41
55	8	45
101	42	89
60	35	53
17	31	34
120	6	91
120	40	15
43	14	38
16	3	43
27	42	89
38	31	12
56	44	33
8	42	85
12	35	69
12	43	44
32	31	19
41	31	118
16	43	46
60	31	122
22	34	55
82	14	117
26	35	51
96	3	41
55	43	87
104	31	51
111	17	44
61	18	32
6	42	89
134	11	66
26	43	63
19	28	116
74	32	30
35	8	3
70	43	12
109	34	15
109	3	11
77	45	22
125	18	119
66	30	22
120	9	102
6	45	3
17	43	46
87	31	60
92	31	44
19	31	101
15	35	116
114	18	119
120	6	51
52	40	104
104	40	65
102	42	89
92	5	15
52	8	97
55	35	37
15	20	12
114	33	43
30	35	17
123	43	11
96	3	15
19	31	55
64	5	11
15	31	123
30	35	72
130	4	55
17	35	26
55	43	38
14	2	86
62	6	51
41	43	63
26	8	3
53	18	24
43	44	118
103	45	112
50	31	122
83	40	34
66	33	10
40	5	104
61	31	55
23	31	60
60	28	30
22	31	96
33	3	16
116	35	26
39	25	133
55	35	26
18	45	130
106	5	55
14	8	76
95	42	85
20	45	7
133	42	89
11	34	104
87	35	65
17	31	19
4	3	89
66	15	22
96	43	66
70	43	19
130	32	35
63	43	26
39	25	64
25	31	87
44	43	63
15	8	22
33	27	4
123	31	17
57	38	38
100	45	7
55	16	33
74	18	18
75	45	92
123	35	30
10	5	16
52	6	122
66	15	124
76	5	104
2	5	96
115	37	107
79	31	87
8	43	17
50	31	60
66	33	75
104	40	72
116	31	37
61	5	55
12	31	34
130	17	44
105	31	30
43	44	126
15	43	17
65	45	13
79	15	124
83	6	118
127	45	20
4	23	19
19	28	87
28	18	90
91	45	34
52	6	72
57	39	15
16	31	60
42	23	19
41	23	44
79	33	32
55	31	87
87	31	116
26	43	116
98	11	89
6	31	123
19	31	127
97	45	74
60	31	127
8	23	38
92	32	19
50	23	87
45	31	116
15	34	44
6	31	26
15	8	92
30	35	116
50	40	72
92	32	83
92	32	87
80	31	26
67	23	15
55	20	96
79	15	103
61	32	87
26	31	37
130	46	44
114	33	106
61	18	112
44	43	19
32	42	85
16	43	60
39	2	114
42	38	38
6	45	97
18	45	74
96	16	11
25	5	41
107	31	30
12	34	96
9	40	116
50	23	15
44	43	46
43	23	116
62	6	65
12	35	55
76	46	55
4	42	89
12	35	91
79	15	112
5	42	89
16	23	38
17	35	65
80	42	89
26	31	12
60	43	46
132	3	11
79	33	71
71	5	16
3	32	9
124	45	25
12	34	55
57	23	96
23	5	104
38	8	102
49	42	85
63	43	15
125	33	105
67	3	41
64	5	44
66	33	18
67	38	43
26	28	19
79	33	103
35	40	104
116	18	123
6	5	44
22	18	18
99	5	55
131	42	85
125	33	103
44	35	116
76	46	12
57	14	49
112	31	60
38	35	44
57	3	11
16	31	91
96	23	26
82	43	19
30	43	15
19	41	60
37	42	85
124	18	2
44	23	55
44	18	46
116	35	65
10	34	44
11	43	50
19	31	34
50	31	72
15	23	60
68	2	114
75	45	106
10	34	60
45	45	23
109	34	17
91	45	100
44	23	116
128	45	20
6	21	99
19	18	30
22	34	87
74	18	24
30	35	7
79	30	45
2	45	25
114	3	15
8	23	19
6	5	12
103	45	23
30	31	7
83	18	24
22	18	29
41	20	12
125	33	60
112	32	62
60	31	20
126	5	15
83	8	61
45	45	3
130	45	49
87	31	55
9	8	102
25	45	32
17	35	69
1	37	107
33	2	31
102	9	97
96	23	15
26	42	85
79	30	15
62	40	118
55	35	17
15	31	127
41	31	65
75	45	25
130	32	30
112	31	96
109	3	55
87	35	44
52	6	69
116	43	30
105	18	29
15	8	112
77	5	96
123	35	55
46	43	41
57	38	30
6	45	71
135	46	41
132	42	85
73	40	38
96	35	20
104	31	65
74	4	41
8	23	30
57	14	25
11	32	35
116	43	44
57	38	116
106	5	41
42	17	104
9	40	44
96	35	55
44	16	96
1	40	125
12	16	96
14	25	108
65	45	37
64	5	104
106	45	49
113	40	114
78	42	89
112	34	30
114	33	60
15	31	72
19	43	38
50	6	37
66	28	109
83	6	91
19	8	14
15	35	51
