-0.063215	0.13341115	-0.11728764	-0.25503117	-0.39701378	-0.008090002	-0.3571909	0.024690093	-0.17624113	-0.2843828	-0.3717049	-0.011833595	0.07501498	0.1488768	0.37503645	0.36793032	-0.369956	0.3563024	-0.10024262	-0.31794637	0.06411247	0.34594908	2.4963473E-4	-0.29513004	0.11365022	0.22037427	-0.21536449	0.39820865	0.25712183	0.28187189	-0.212328	0.22419867	0.40583545	-0.07009367	0.088424735	0.29232815	-0.057962794	-0.18400298	-0.046944227	0.23702687	0.4162146	0.2331106	0.31665868	0.35398057	0.27473795	0.030547913	-0.059965633	0.3460737	0.23599432	0.034442227	0.11095251	-0.3648158	0.201456	0.2539094	-0.1509662	0.3181701	0.21800697	-0.2962652	-0.15340808	-0.0996243	-0.28098002	-0.28878033	0.24249105	0.2774952	0.39237112	-0.15780929	0.25441784	-0.1569706	0.10354644	0.11967914	0.24730457	0.21590002	0.31086418	-0.26080993	0.103525296	-0.034852367	0.17372125	-0.13123102	0.14754795	0.40086475	-0.33036578	0.36171383	0.39307597	0.30179697	-0.049721256	-0.2878614	0.16300732	0.24121492	0.26722604	-0.08413171	0.15824915	-0.28342474	-0.13234943	-0.13327976	-0.3351428	-0.29146546	-0.12890027	0.22041726	0.19992997	-0.30055678	-0.39363134	-0.21073045	-0.1857561	0.24630292	0.27199474	-0.29839712	0.10362794	0.044971373	0.28993902	0.38304833	-0.33921504	-0.14573385	-0.03767767	0.3613667	-0.2702858	-0.33515227	-0.3671418	0.3307906	-0.4066896	-0.41762874	-0.24264815	0.31019858	-0.010673407	-0.17562413	-0.014799193	-0.23982786	-0.2730628	-0.044886112	0.01758815	0.22166705	0.38908854	0.16566767	0.23991573	-0.40239337	-0.20981641	0.38414013	-0.11162026	-0.07749231	-0.1199396	0.29432133	0.21054718	-0.22577508	-0.19716226	0.32668516	0.3990536	0.38373798	0.13741021	-0.325294	0.08498513	-0.29713663	0.046929747	-0.3750546	0.23632547	-0.30298162	0.03921118	-0.020771822	0.35375705	0.32795095	-0.34751302	0.24774115	0.30900535	-0.22325656	-0.3033921	0.13235162	0.011687257	-0.24875653	0.2366727	-0.17744619	0.37487632	0.1293921	-0.20740746	-0.088497765	0.059698258	0.20097595	-0.17312764	-0.32040164	-0.0014954522	-0.29216507	-0.085365474	0.2276022	0.13044167	-0.2921292	-0.12859136	-0.36777082	-0.14676465	-0.16707934	0.27461854	-0.1494688	0.3871634	-0.38042226	0.33693358	-0.4058034	0.081224136	0.25401384	0.085989155	0.07698801	-0.009948976	0.01853612	-0.037512165	-0.3173892
0.34103703	-0.057407245	0.21900342	0.35384026	0.16812822	0.3273987	0.093103476	-0.40260285	0.0874672	-0.037805602	-0.41430253	-0.29272258	0.23521127	-0.17939122	-0.18763927	0.056199446	0.4021253	0.33451158	0.09933909	0.26607987	0.06696576	-0.22122659	0.23589978	-0.20899963	-0.1653171	0.2870494	-0.0240139	0.26696673	-0.354237	-0.34142533	-0.2827601	-0.22593993	0.28983688	-0.25667608	0.27804244	0.18567774	-0.05921506	0.04211643	-0.33272284	-0.27073145	-0.2817658	0.2819658	0.37591416	0.41659802	-0.26210505	-0.40030736	-0.3498669	-0.052422997	-0.22788562	0.21933459	0.28223854	-0.034211926	-0.31342173	-0.08801536	0.148387	0.18258765	0.31671244	-0.4059449	-0.33810958	-0.39664695	0.358237	-0.14937405	-0.38221812	0.30018425	-0.16057126	0.13031583	-0.32488337	0.41620383	0.28708643	0.22789742	0.072618306	0.24180564	-0.24415292	-0.06576077	0.23295844	-0.38922387	-0.3825767	-0.41408053	-0.22795686	0.12315478	-0.32479128	0.11374171	0.28029838	0.40260422	-0.35655957	0.19131532	-0.41604748	-0.1511567	-0.38196364	0.14518416	0.39096582	-0.17912042	0.10358869	0.005674682	-0.32228044	0.1816878	0.2538629	-0.22514236	-0.062358126	-0.17437913	0.3440689	-0.13114177	0.23744449	0.3517378	0.26890633	0.29655546	-0.3708636	0.26314473	-0.1669735	0.41139972	-0.0069552935	-0.2537622	-0.054780383	0.21575971	0.037192825	0.14467987	0.016882902	0.34119707	-0.3223048	0.35341114	0.3340961	-0.09161043	0.15844783	-0.2438904	-0.27247435	-0.16413687	0.012925397	0.20239115	0.16098393	0.047208246	0.20055266	0.0713933	-0.24558255	-0.26670873	0.22246887	-0.10934806	0.15928796	-0.023828976	-0.10037381	-0.12772597	0.224855	-0.24941368	-0.18852201	0.32370818	0.3033411	0.15742697	-0.22327521	-0.253494	0.26886117	0.017409647	-0.08918758	0.021042865	-0.09994694	-0.29819	-0.3773817	-0.39458543	-0.026179487	-0.0347842	-0.27495223	0.04133766	0.30586794	-0.07621942	0.36789343	-0.24222939	0.09330351	-0.045374617	-0.26439393	-0.11025997	0.19115135	-0.32391417	-0.16721429	0.37396464	-0.0951591	0.1050521	-0.2205336	0.28204986	-0.016394548	-0.108119234	0.0068178345	-0.3791374	-0.2994108	0.28388312	0.11935597	0.37816277	-0.33758754	-0.019263726	0.2891006	0.33198863	-0.2150903	0.121045396	-0.14112765	-0.26065627	0.01702661	0.1553698	0.2259126	0.39932233	0.31748378	0.09557528	0.37974185	-0.40788624
0.24143882	0.27180102	-0.116766214	0.22966321	0.07731916	-0.33805522	0.19505289	-0.26558006	0.23996215	-0.42370373	0.13216205	0.26446623	0.068680055	0.122441225	0.114370175	-0.12617838	-0.13100363	-0.101579055	0.023698179	-0.35402006	-0.2869542	-0.05011502	0.31600675	0.23636195	-0.031344168	-0.14318226	0.0935521	0.13509105	-0.057291064	-0.08079715	-0.32936877	-0.24493258	-0.37088403	0.41734788	0.3295477	-0.13210341	0.35147232	-0.14215529	0.28751963	-0.09707176	0.041084517	-0.18598191	-0.3941422	0.40056887	-0.17854586	0.19182381	-0.112198025	-0.4083776	-0.07006764	0.089994036	0.2403144	0.06340533	0.056751702	0.120826	0.188395	0.42096573	0.17688116	-0.019474588	0.084247835	-0.3595362	-0.112837635	-0.0356784	-0.27169278	-0.32805604	-0.04050344	-0.03022595	0.28668	-0.22512853	-0.1677151	0.34290347	0.08362351	0.38665444	-0.39577672	-0.0968945	-0.15400532	-0.041189995	-0.33017132	3.5363267E-4	-0.059288967	0.066998415	-0.18959904	0.4006753	0.039972782	0.40531862	-0.41920564	-0.13344048	-0.09990208	0.106499135	-0.33091176	0.014566907	-0.26366904	0.4188657	0.3697152	0.17349516	0.22622563	0.19401604	0.0056808735	0.34980363	-0.06271742	-0.07588155	0.25348806	-0.34529296	-0.32982442	0.036340963	0.29009303	0.14136736	0.17376024	0.31799248	0.011621613	-0.060093284	0.0890154	-0.056782436	0.0141960485	0.17398411	0.42309633	0.23308519	0.11824498	-0.124991275	0.047419947	0.093493424	-0.042625725	-0.037613798	-0.32948074	-0.24489494	-0.06963775	0.06901999	0.3683693	0.13917138	-0.046973206	-0.18156098	-0.08286771	0.0414618	0.07379939	-0.22636262	-0.13294633	0.20974067	0.4022991	0.32418236	0.12108586	0.24832727	0.26767483	-0.06634893	-0.30107993	-0.24615212	0.33749023	-0.322501	-0.1185116	-0.32670867	-0.3638903	0.39974976	0.17779566	0.09951185	0.027226923	-0.28164166	-0.08114475	-0.24803075	-0.12072104	0.32417282	0.21802786	-0.21111533	-0.083310015	-8.174162E-4	-0.34319657	0.42142233	0.10339152	0.29374716	-0.31675857	0.202986	0.19881147	-0.045084253	-0.2890001	0.36679164	-0.22272113	0.07556347	-0.2624764	-0.28772146	0.39985248	0.19924386	-0.22739317	-0.15458001	-0.29239598	0.1922105	0.35220584	0.046842434	-0.35869005	0.41621858	0.09294993	0.23437196	0.11499963	-0.28414863	-0.13135791	0.36628455	0.11195478	-0.03691819	-0.21799313	0.34814358	-0.048989214	-0.29425523	-0.3665556	0.149661
-0.18634804	0.2917386	0.12193628	0.40871406	0.24089776	-0.084216245	-0.07522145	0.39132786	0.14849259	0.25648874	-0.017734854	0.3628809	-0.310372	0.09977997	0.35753968	-0.34143928	0.3134593	0.34665537	-0.25026655	-0.32372102	-0.12673706	0.040079515	0.12948929	0.36217514	0.12629019	-0.32459047	0.4180916	0.02316189	0.11936376	0.33199364	-0.21128668	-0.0367443	-0.14294603	0.34961963	-0.37834725	-0.40925717	-0.121021494	-0.27889368	-0.11354424	0.26018402	-0.3324953	0.22946434	0.13568707	-0.17752123	0.05048934	0.30190155	0.10317541	0.10098546	0.0062409434	0.34001642	-0.057609215	0.35025752	0.031249257	-0.15312965	0.08053276	0.18419416	-0.253532	0.2845931	0.023906998	0.27947965	0.29565954	0.05744446	-0.35056508	0.15611495	0.119733125	-0.33549646	0.23003106	0.10247775	-0.097489	-0.099863335	-0.271244	0.06006219	-0.05644566	0.26459256	0.3403409	-0.078426026	-0.3091613	-0.1863416	0.33418593	0.036706448	-0.41209581	-0.31827003	0.22775468	-0.41035333	0.12821132	0.1977826	0.20069799	0.3003811	0.31904593	-0.2274188	-0.2952669	-0.19804129	0.3347537	-0.08818617	-0.21873601	-0.14882497	-0.16576062	-0.025763758	-0.0064673508	-0.31651497	-0.2117188	0.35156336	0.27954063	-0.075374134	-0.26124698	0.41604245	0.078001454	-0.04848163	0.2733923	0.14543863	-0.36839885	-0.12656245	0.27293116	0.28172898	0.08192233	0.3083159	-0.3828662	0.3676473	0.16010086	-0.13606182	-0.28399312	0.23620567	-0.10313092	0.017117335	0.21034493	0.014878709	0.31524926	0.08270735	0.23070362	0.20311534	0.39848703	-0.23610486	-0.3277768	-0.009080959	0.012137	0.020115815	0.17494643	0.14213902	0.42101562	-0.04123442	0.17222367	0.08069182	0.060766615	0.40239832	-0.16379121	0.1787241	0.18769634	0.015583052	0.19865486	0.2826991	-0.24114105	-0.15486082	0.072773695	0.17612566	0.037609223	0.22316845	0.4119753	-0.03346845	0.37767202	-0.1699334	-0.16041853	0.34344977	0.10938586	0.2823148	-0.31850332	0.4198913	-0.14255558	0.051787015	0.30230463	0.045007575	0.055322103	-0.39569443	-0.003972311	-0.39033255	-0.3041686	0.28233677	0.27122223	-0.38502046	0.039112613	-0.15312071	0.23511729	-0.055678748	0.07541089	0.31921557	0.19283551	-0.40095198	-0.07232511	0.017598646	0.13322309	0.2912731	-0.16172355	0.25680447	0.2715846	0.34053347	-0.06610806	0.0023248817	-0.4051338	0.047198184	-0.06754155	0.13458706
0.097966716	-0.30145028	-4.545016E-4	0.056096647	0.16849896	0.16421385	-0.3944236	0.22032456	0.22653234	0.2567751	0.21632394	-0.112337105	-0.31780663	-0.4085763	-0.098620154	0.1375717	0.21556546	-0.4193629	0.13511814	-0.19769248	-0.032773364	0.01752591	-0.24553877	-0.106497936	0.36718306	-0.3268513	0.11599113	0.19904368	0.3346428	0.2622069	0.26852077	-0.20338187	0.39703223	0.18093866	0.040339913	0.12186571	-0.18941091	-0.17151564	-0.32759494	-0.09228884	-0.2733014	0.3975034	0.0895435	-0.16784191	0.27699593	0.18194705	0.20006032	-0.14727268	-0.0487448	-0.08511716	0.3194796	-0.315915	0.3236127	-0.40614167	-0.32723343	0.051879585	-0.2271122	-0.18845753	0.0354902	-0.3042422	-0.06572504	-0.30904397	0.39858118	-0.13270254	-0.3751808	-0.116691604	0.1597813	0.30378425	0.20140256	0.34422886	-0.14040427	0.3299148	0.39567924	0.09160527	0.30615172	-0.31272575	-0.11127482	0.20565175	-0.21758693	0.015218458	0.023180818	-0.34717473	-0.34619075	-0.23065306	0.1753951	0.20776403	0.20048903	0.041411646	-0.14222293	-0.37982947	0.15399723	-0.4220801	-0.08997105	0.3428999	0.12718405	0.053347882	-0.25248715	-0.38800174	0.087181635	-0.011598702	0.40926313	-0.108751796	-0.09456567	-0.048882455	0.26786676	0.08375802	-0.029448079	-0.14537705	-0.3491964	-0.28411117	0.277025	-0.32906017	0.28977153	0.34912544	0.08896211	-0.41415215	-0.016167535	0.35951254	0.03532866	0.30483058	0.13985626	-0.18894824	-0.3379166	-0.27357057	0.15971369	-0.23301618	0.19073202	-0.078809276	0.31561393	0.22518079	-0.17256325	-0.051477063	0.31070894	0.10674734	-0.3736752	-0.11399345	-0.10073054	-0.24063332	0.10122092	0.18540522	-0.12891018	-0.1687044	-0.25352314	-0.34828937	0.03274631	-0.11765657	0.22344789	-0.25379226	-0.21976808	0.3025097	0.2532258	0.25731826	0.03745157	0.0047853594	-0.38388938	-0.39991772	0.24588813	0.21751402	0.24378955	0.21142246	-0.13321137	0.27347523	0.21765791	-0.2803216	0.23432623	-0.39562088	0.09374711	-0.18489245	0.0033584281	0.058327895	0.101894535	-0.2068631	0.38888854	0.024558693	0.37104046	-0.40524554	-0.31021258	0.38985685	0.03053617	-0.31652647	-0.19289671	0.30544657	0.034712546	-0.2095035	0.0992582	-0.15148175	-0.26165733	0.023799496	-0.079575166	-0.16749574	-0.21938162	-0.11030425	0.34672934	-0.055283535	0.24733166	0.30294728	0.28150916	0.3515711	0.33775058	0.31299052
-0.3162032	0.09267424	0.2528447	0.40327635	-0.13168278	-0.2057443	0.25477937	-0.15105426	0.3700979	-0.09967356	0.3341747	-0.20183593	-0.074582286	-0.27532095	-0.18250647	-0.3020747	-0.32147872	0.2610172	0.068459846	-0.28086188	-0.07016271	0.23953684	-0.17566797	-0.23297945	-0.003785932	-0.40336356	0.083813295	0.31122902	-0.03166948	0.1410072	-0.09285939	0.16012724	-0.42001987	-0.042672243	-0.10837174	-0.37652606	0.17024854	-0.014699148	0.41940224	0.41686025	-0.16147932	0.17387222	0.3533698	-0.17355235	-0.0980123	-0.08894545	0.3755895	-0.15478936	0.3207063	0.063785926	0.23412317	-0.41629013	-0.078431875	0.08120486	0.011142204	-0.066811554	-0.33280233	0.23307481	0.39608726	-0.08419427	0.23311393	0.09296589	-0.39862102	0.26601776	-0.38270128	0.089475214	-0.009131332	-0.34637758	0.002640119	0.021313237	0.33601403	0.2896488	0.25945762	0.28012487	-0.28306895	-0.092216276	0.32824197	0.34838173	0.33664966	0.24388562	-0.38248068	0.13637908	-0.32164875	-0.08080267	0.19742724	0.15611617	-0.043825705	0.3200962	-0.3870863	0.14262736	0.028635304	0.35465202	-0.0906352	0.4006774	0.30184647	-0.38999653	-0.03289022	0.4205855	-0.18819137	0.3173506	-0.014134635	-0.21190335	0.20016696	-0.01636941	-0.1448982	0.28538835	0.3887442	0.40980792	0.40193644	-0.02183017	0.18168679	0.23285842	-0.31426746	-0.101214476	-0.046218265	0.0867795	0.41089478	0.08884828	0.15383163	-0.2775966	0.315258	-0.2459605	-0.367896	-0.40570194	-0.21630913	0.10019758	-0.37190777	0.25088352	0.0762299	0.4185428	-0.28068414	0.007604415	0.17253011	-0.35981196	0.08704731	-0.2490746	0.22870022	-0.15298474	-0.054448497	-0.329265	0.17075007	-0.14854752	-0.13076778	-0.18537334	0.043607388	0.03574515	-0.29008144	0.051351868	0.19010395	-0.06960011	0.015224207	-0.0041167955	-0.24808912	-0.30688554	-0.3216879	-0.27019608	-0.40981865	0.1661717	-0.1563371	0.38211814	0.35702062	-0.20368238	-0.08308728	-0.04738139	-0.20998408	0.09193751	-0.063024074	-0.044789296	-0.3418561	0.2780964	0.4196916	-0.09024902	0.30937847	0.14779174	0.3643584	0.2709748	0.22741428	0.17588007	0.084590144	-0.29633525	0.40565348	0.17306678	0.10074294	-0.4193358	0.20253745	0.12081824	-0.123780124	-0.33082244	-0.41394022	0.3958462	0.42285952	-0.37097138	-0.13264966	-0.33024383	-0.3407913	-0.008588028	0.35880324	-0.09723722	0.19337706	0.065678
-0.36349365	0.41435733	-0.11713958	-0.3783786	-0.40593326	0.12243358	0.14867498	0.06725957	0.2516553	0.27910936	-0.25120145	-0.09253488	-0.0706879	-0.14560555	0.17834295	0.30052567	-0.40947297	0.25114727	-0.33827868	-0.21939123	0.2769067	0.15347216	0.1466405	-0.3194466	-0.27123985	-0.31961378	0.08509623	0.006659311	-0.40006244	0.35382956	0.1555553	0.32260564	-0.13887729	-0.26468736	-0.17943788	-0.2748658	0.10611285	0.07508965	0.29757264	0.32139355	-0.24639113	-0.049381666	0.19071436	0.3345984	0.05680456	-0.1696972	-0.18425146	-0.097989686	-0.085007	0.25064746	-0.17711022	0.33385876	0.21420716	0.3484421	-0.22562234	-0.17595819	0.38300708	-0.1947968	0.3424417	-0.21571016	-0.18456008	0.26085645	0.20893581	0.27823088	0.34414047	-0.16478376	-0.30174452	0.21809225	0.40032348	-0.28235143	-0.092455015	0.36504352	-0.33984783	-0.33066213	-0.36422455	0.09860317	-0.41232023	-0.13586421	-0.02931827	0.38826162	-0.23810306	-0.08219332	-0.034757882	0.35835022	-0.05994042	0.26896662	-0.1655734	-0.21457084	-0.23680271	0.3823948	0.35013935	-0.16138701	0.26212117	-0.04868031	0.08389181	0.095186666	-0.02073812	-0.08904107	-0.06600658	0.3698729	0.42163867	0.41450396	-0.36232513	0.016270388	0.17113432	-0.014091361	0.28874618	-0.1887989	-0.2441794	0.006975471	-0.40401492	0.41260144	0.35836443	0.011094168	0.30886322	0.025551507	0.103282474	0.35941726	0.119230375	0.3410593	-0.34167337	-0.08108107	-0.19703613	-0.3046609	0.18828191	0.20095949	0.35335752	0.21598871	-0.2348328	-0.1412418	-0.027738689	0.27843282	-0.25737962	0.39990893	-0.11009738	-0.318866	0.38313124	0.15559776	-0.16626222	0.35426626	-0.14293736	-0.084574126	-0.09922396	0.09744914	-0.33466142	0.3380225	-0.40369532	0.31582358	-0.21947333	0.07611592	-0.06617156	0.1008711	0.085396275	-0.08385922	-0.09525359	0.4103495	0.03822091	-0.2660744	-0.101315655	0.075960584	-0.21723148	-0.090209566	0.3471395	0.35655728	0.38643518	-0.39796284	-0.03570912	-0.37839058	-0.018113852	0.22180942	0.27333215	-0.09491833	0.34065998	-0.09467041	0.30766246	-0.2256127	-0.39254138	-0.10070183	0.068149626	0.25638843	0.010164588	0.115121074	0.1794164	-0.25898752	-0.13661157	-0.071165636	0.041440267	-0.32668892	-0.2524345	0.07864529	0.07513534	-0.20230351	-0.2539056	0.37303364	0.0942737	-0.15003465	-0.07594593	-0.1748773	0.40939802	0.19216314
-0.20835134	-0.40154624	-0.28874356	-0.25425154	0.25443733	0.3342417	-0.034554616	0.1202361	-0.22913559	0.3439066	-0.0978772	-0.27560303	-0.23527399	0.025190862	-0.3752823	-0.23063928	-0.08349486	-0.08183049	0.33350956	0.05850566	0.1546955	0.25300497	0.25948352	0.15069617	0.37806937	-0.018931512	0.2871879	0.34215578	0.2189049	-0.100729376	0.058066517	-0.261536	0.14789894	-0.27109647	0.102776535	-0.16597255	-0.38683683	0.20945264	-0.02001019	0.4009069	0.0075786877	-0.22714318	-0.36416197	0.13488314	-0.2804443	-0.41105822	0.3715278	-0.13164796	-0.21631145	0.07678514	0.38903138	0.35858363	0.36070946	-0.20680128	-0.28126994	0.002410455	-0.07734835	0.42288145	-0.08168221	0.33123103	0.18708116	0.3587733	0.26136464	0.1630933	-0.029862909	0.3793226	0.40919098	0.31229222	0.40670574	0.31591016	0.17094308	-0.094371095	-0.16559383	-0.29349777	-0.2284874	0.2315513	-0.0972356	-0.06835995	0.22172032	-0.346873	0.09544881	0.20575033	-0.006662737	0.23680077	0.008272843	-0.077366546	-0.36833215	-0.0609763	-0.28714216	0.3260743	0.25923073	-0.15996777	-0.3354695	0.35244384	0.27934673	0.14631458	0.023717862	0.24472678	-0.054522723	-0.402755	0.23589604	-0.41408938	0.2126529	0.3915215	0.031060588	0.27727312	-0.08049416	-0.3215487	-0.09944089	0.31863204	0.3450593	0.12522122	-0.29834247	-0.09799593	-0.021357441	-0.21700121	0.24736547	0.21071963	0.14002769	-0.37860137	0.21763022	0.36134768	0.15688507	-0.27151382	-0.40706936	0.071599536	0.34166053	-0.30548793	0.21518652	-0.18775868	0.38340068	0.32233992	-0.41367278	-0.37748975	0.19373125	0.4147235	0.4231483	0.19772093	-8.4994384E-4	0.38585934	0.28552398	-0.08896134	0.19550212	-0.34498078	-0.18033378	-0.248029	0.22071208	-0.1768642	-0.04261458	-0.28530878	0.29584002	0.18297088	0.021394584	-0.29045323	0.075498335	0.19412273	-0.29147124	-0.14943534	-0.36920336	-0.17097458	0.35544962	0.016753793	0.24700816	0.09274035	-0.25115222	0.18094411	-0.31612787	0.31637898	-0.420151	-0.17044744	0.14880124	2.6367122E-4	-0.16689982	-0.20685315	0.41157317	0.030180173	-0.33382303	0.086719476	-0.32877776	0.06960475	0.08951019	0.3187981	0.39289767	0.13280146	0.40831178	0.3126257	-0.20464382	0.20209032	-0.07656404	-0.018662883	-0.0047950395	0.019145641	0.1636475	-0.17778683	-0.19714957	0.29482973	-0.24548647	0.09983209	-0.1636593	0.106934115
0.26256633	0.35006404	-0.00815339	0.37550187	0.29006782	0.24861185	-0.4084695	-0.36175752	0.3367016	0.056633208	-0.2709443	-0.30760172	-0.25015375	-0.14282116	-0.14935414	0.29955134	0.17029437	-0.10016448	0.1368359	-0.3747066	0.17067617	-0.32929438	0.38347664	-0.24019648	-0.04416604	-0.3612311	0.23765177	-0.32077512	-0.22300091	0.37742543	-0.41730478	-0.25377825	0.38644603	-0.100155085	0.36376268	-0.25722122	0.19401613	-0.21877794	0.42408785	0.24186026	0.36643994	-0.20400704	0.1421618	-0.36403576	-0.38613084	0.23689568	-0.07498877	0.24472941	-0.36146894	0.4155926	0.31798816	-0.20076782	-0.018499281	0.40338382	-0.2117434	-0.133962	0.09402758	0.14861834	0.01632225	0.42002803	0.048679397	-0.3182618	-0.2950927	-0.40590593	0.14377667	-0.06574352	0.2777735	0.29697838	0.036436893	0.15933262	0.3261298	0.23150852	-0.085669294	-0.04554753	-0.39766413	-0.047077883	0.111967094	-0.28704405	-0.1476541	-0.23486345	-0.20461336	-0.10059957	0.16098528	-0.21070807	0.0123182	0.14567307	0.21871488	0.28839254	0.3398022	-0.062411588	0.33657217	-0.065366045	0.1168047	-0.0019408347	-0.15845075	-0.22148988	-0.3939276	-0.11057174	-0.12147044	-0.369925	0.152707	-0.13936308	0.40798607	0.3497527	-0.39365265	-0.16512436	0.32123372	-0.12510096	0.2651075	-0.25279894	-0.36720634	-0.04254517	0.008533724	-0.032595567	-0.033809587	0.074511796	-0.026980521	0.204107	0.25526837	0.3265534	0.3753351	-0.15945478	0.047295835	0.2521804	-0.26138312	0.24665548	0.057199754	-0.08345195	-0.16482955	-0.37156734	-0.09088671	0.41715035	0.26446763	0.12381389	-0.33133024	0.16862108	-0.3456551	-0.13684815	0.099302515	-0.39564937	-0.19437361	-0.19039895	-0.17261703	-0.100219645	0.123621866	0.39890507	0.16254938	-0.04148414	-0.231977	0.24677463	-0.010958961	0.1004502	0.25540957	-0.15898965	0.030625552	-0.1790199	-0.14568485	0.33462813	-0.15641949	0.12080567	-1.860138E-5	-0.065152906	0.2533809	-0.089531235	-0.2765856	-0.046724956	0.25745487	-0.112832874	-0.2220065	0.053499695	0.038090155	-0.0035888285	-0.101424456	-0.3201094	0.37113214	-0.41264844	0.3518219	-0.093412966	0.08967148	-0.15491588	-0.19969557	0.08494698	0.40974528	0.18620229	0.10721402	0.027559252	0.13551539	-0.33894756	0.30285555	0.39071178	0.27074373	-0.024909586	-0.08598832	-0.16651501	-0.0819146	0.40092584	-0.11727353	0.28700152	-0.17342828	0.20902732
0.27858752	0.10024771	-0.23806593	0.16375825	0.040669642	0.10206161	0.2112968	-0.36956662	0.17495881	0.30195734	-0.41194704	-0.40089864	0.20431313	-0.15382576	0.19447635	-0.25902143	0.4124207	-0.3672838	0.4004704	0.1390528	0.16250764	0.3971693	0.39404002	0.090022	0.17496303	-0.03443205	0.41031194	0.33412755	0.2114875	-0.19864789	-0.3340791	0.16089275	-0.21272421	0.07141009	-0.043412536	0.41332847	-0.2645601	0.10692727	-0.23276213	0.13367476	0.21804251	-0.10485712	-0.34589392	-0.2538411	0.328657	-0.21882851	-0.16301729	-0.20907535	0.3041966	-0.17364967	-0.13068323	-0.30464983	0.2370402	-0.16729996	0.07943988	-0.07120943	0.053198457	-0.02313154	0.2180734	0.27628288	0.18525165	-0.30936474	-0.3743322	0.29385304	0.07546725	0.27485466	-0.4115925	-0.41858009	-0.23469944	-0.10224986	-0.2303199	-0.19908303	0.28021088	0.22013727	-0.08766341	-0.08179714	0.09240885	-0.0476642	0.1801945	-0.3763523	-0.21888734	0.09909117	0.022492468	0.22100407	-0.23576207	0.12840046	0.26183468	0.25875172	0.13333163	-0.21411492	0.2937679	0.25604185	0.13666253	-0.093171984	-0.24153337	-0.26624575	-0.40657985	-0.007864162	-0.39872807	0.40939778	0.3437253	0.13627914	0.26202932	0.11448611	0.25166517	-0.28944305	-0.2867912	-0.19985637	0.084641375	-0.4095895	-0.20742996	0.3173641	-0.16407074	-0.28096732	-0.18660495	0.36886865	-0.19929402	-0.27617487	0.026295321	0.110028975	-0.18102624	0.41657877	-0.23524383	-0.20692894	0.16509688	0.23618168	-0.07237689	-0.17396416	-0.18041195	-0.19018106	0.19311066	-0.40796933	-0.09419821	-0.36679128	0.1659214	-0.24789734	-0.17898352	0.15790614	-0.08974345	0.2797645	-0.18968645	0.34310088	-0.17981827	-0.26721776	0.41981265	-0.108098425	-0.3753356	-0.07483355	-0.08029559	-0.30112404	-0.27324617	0.4235897	0.2096953	-0.17007302	0.06685375	0.22960837	0.019952405	-0.18338558	-0.29622418	0.0746937	0.15887532	0.3199131	-0.0502884	-0.268014	-0.38306457	-0.33356252	-0.3657522	-0.25806513	0.19091348	-0.24946037	0.05397718	0.23828441	0.098093726	-0.15940383	0.063125454	0.19964558	-0.40945265	-0.11683525	-0.075221665	-0.31152838	-0.09002443	-0.10253005	-0.09740564	-0.23839034	0.35805562	-0.25177386	0.25394663	0.0021515852	0.10508951	-0.3605686	0.0122861955	-0.07831415	-0.28236583	0.32613355	-0.37015212	0.3743313	0.26790118	0.28063244	-0.14122678	0.22027886
0.11177408	0.16985258	0.39350325	0.24110901	-0.020361962	-0.3943381	-0.04268408	-0.017753692	-0.3024582	-0.39495605	-0.14155924	0.028250514	0.16438547	0.05751636	-0.31399077	0.41950846	0.13726014	-0.38036197	-0.20546313	-0.11545715	0.15532018	-0.3163664	0.19943969	0.37881008	0.3728432	0.22989906	0.14798866	0.06852428	0.23769473	-0.17100468	0.32289034	0.38774118	-0.32911822	-0.102045	-0.2188357	0.3455117	0.38549536	-0.055641465	-0.05580131	-0.025080588	0.13724603	0.41374758	0.37361065	0.36244157	0.2641983	-0.1855588	-0.38986298	0.36099902	-0.27924207	0.093873955	-0.23810674	-0.252876	-0.12761429	-0.21313494	-0.2753041	-0.3698068	0.30495963	-0.009732545	0.06089288	-0.34469151	-0.09250093	0.31262785	-0.28415075	-0.37614092	0.0059002386	-0.2993409	-0.21951067	-0.17338637	0.39164573	-0.1180837	-0.18467622	-0.20331861	0.28350833	0.0024651538	-0.23456234	0.24711572	0.09986535	0.34496024	0.11005107	0.21181184	-0.100038104	0.2959256	-0.36690784	-0.25324535	0.2865613	-0.3132652	0.4096692	-0.11592446	0.31948733	0.039260812	0.2157857	-0.1058154	-0.102829814	0.0948377	-0.3879221	0.20623776	0.10739173	0.017793631	0.0454762	0.4082632	0.19889721	-0.2872796	-0.18796931	-0.14843161	0.06031339	-0.41772726	0.14525796	-0.2696234	0.3586941	0.42229134	0.09486787	0.3282326	-0.4086887	-0.33158103	0.08058818	0.269168	0.15094657	0.31160703	-0.039614048	0.3629497	0.372529	-0.005197283	-0.28342566	-0.15365241	0.13258234	0.38308227	-0.107745044	0.29901212	0.2800447	-0.026700474	-0.1640122	0.047639087	0.019605082	-0.38148782	0.06227154	-0.4228836	-0.011304378	-0.09770729	-0.14815372	-0.16154271	0.06551655	0.13502923	-0.06542484	0.04365472	0.3919801	-0.31192306	-0.31100148	0.09327125	0.38580537	-0.24183308	-0.3210698	-0.31925583	0.016063422	-0.35947946	0.1328119	0.23710616	0.010106849	-0.107232876	-0.009716206	0.3252826	0.17627825	0.3985837	0.28502375	0.1957807	-0.17349818	0.35282344	-0.13014054	-0.4225029	0.11324005	-0.19457556	0.03547096	0.21900058	0.3670156	-0.0060533164	-0.4148509	-0.008571287	-0.33385134	-0.006016113	-0.25188166	-0.30483642	0.18831837	0.11003194	0.13068013	0.036354214	0.4086442	0.29593334	0.15887688	-0.15252927	-0.16509752	-0.41318896	-0.0028052088	-0.18385506	-0.28218338	-0.10817904	-0.18839873	-0.19459094	0.17977583	-0.34361523	0.26090008	0.3774862
0.33685476	0.08331203	0.0020483385	0.043917317	0.39131463	-0.2814446	0.021758724	0.045421813	-0.23493837	0.36626047	-0.19057389	0.112221636	0.06477924	0.030278195	0.03718509	-0.12235957	0.012612519	0.35357448	0.08528414	0.25224984	0.27279544	0.084382355	-0.00870223	-0.12909955	-0.4084194	0.05773584	0.099238485	-0.3991145	0.21170633	0.3480199	0.26282126	-0.034899954	-0.37876904	0.20588663	0.0719841	-0.2967667	0.101630025	-0.33746916	0.27104142	0.12458857	-0.36172417	-0.2430675	-0.21715043	0.08000577	-0.009407487	0.29021245	-0.11708779	-0.15935405	0.015053393	-0.347368	-0.3146803	0.36887217	0.38642535	0.069388606	0.03111919	0.03738802	-0.10190264	-0.16258895	0.3027019	-0.39738005	-0.42366117	0.022751736	-0.41706863	-0.24343097	-0.12055043	0.21617341	-0.03801334	0.1393934	0.19687805	-0.12360377	0.26988387	-0.08287904	0.17159136	0.27396652	0.1368688	-0.2900876	-0.07698107	0.12311813	-0.29449317	-0.13492344	-0.10035072	0.08737384	0.030610299	-0.36817154	-0.09548878	-0.14348462	-0.22042087	-0.0036522122	-0.30180964	0.055185825	-0.082611784	0.1360627	0.29788014	0.05446887	-0.027804837	-0.21135907	-0.2743904	-0.0037431826	-0.24488968	-0.33901143	0.34990653	-0.06746007	-0.39792335	-0.015352419	-0.20942245	-0.11810099	-0.18641144	0.18308611	0.24874006	0.09495336	-0.2830752	0.115873665	-0.08009413	-0.15583035	0.14912982	-0.27197286	-0.35062292	-0.11717052	0.17490791	-4.496698E-4	0.22511275	-0.28386873	0.3347461	-0.31582305	-0.22260284	-0.012033212	0.34240144	-0.2745724	1.4467367E-4	-0.035480123	0.08490975	-0.3055739	-0.21219394	0.09839965	0.06180696	0.38250422	0.28385493	0.13427554	0.14181985	0.37508884	0.3476093	-0.33198446	0.014410134	0.2279738	0.13302508	-0.41175893	0.14713664	0.05005221	0.41476646	0.2518687	-0.04780993	-0.29755023	-0.17123541	-0.24805537	0.25974262	-0.02139568	-0.1545252	0.09350594	-0.077561274	0.21201503	0.40239024	0.16774459	-0.26332685	0.33287823	0.21706338	0.33878082	0.21330824	0.4164136	-0.12994805	0.17308182	0.09020842	0.3163328	0.03344758	0.42072803	0.40581623	-0.27238944	0.24639267	-0.08585012	-0.23564142	0.061861586	-0.41155428	0.039359536	0.09812241	-0.13442467	-0.032274954	-0.37182942	0.095566384	-0.210523	0.1056484	-0.12967768	-0.15207979	0.3947068	-0.41030568	-0.19330749	-0.05828323	-0.08549996	0.14149716	0.37131682	-0.344398	-0.26985908
0.26962242	0.060980722	-0.2312802	-0.40241918	0.27506292	-0.21220352	-0.39005423	-0.25354308	0.2692091	-0.042289708	-0.14405721	0.07077342	0.011042507	-0.4086789	0.0111155845	-0.086031005	-0.06635229	0.14664519	-0.35222182	-0.3740967	0.19185054	-0.3623237	-0.23705459	0.3352482	0.09934283	0.23360318	0.02017503	0.11240288	-0.25338617	-0.0088781845	0.01630384	0.22836336	0.29114252	-0.045007836	0.07247843	-0.050940577	0.36039245	-0.2997817	-0.35341534	-0.08976855	0.306866	-0.13439302	0.18261287	0.007886445	0.1547962	0.008304767	0.05657647	-0.03654901	-0.27134487	-0.37951866	-0.034808405	-0.24572189	0.017295914	0.15169084	0.28045157	0.13560094	0.1367048	0.101095684	-0.15988836	-0.013170295	-0.053967636	-0.210063	-0.20071988	-0.3415873	0.009733758	0.36651134	0.115425736	-0.11272219	-0.2404578	-0.10342279	0.39032468	-0.04545362	0.19921876	-0.32806766	-0.1917615	0.21359181	0.12513645	0.011419882	0.34302765	-0.035159577	-0.011814384	0.1342601	-0.19082555	-0.32601097	-0.25058326	-0.22844607	-0.22160804	0.029707791	-0.21365826	0.24416988	-0.39734825	-0.23989066	-0.2191634	0.17670284	0.2083794	-0.1357512	-0.03275386	-0.0156479	0.065589175	0.11653263	0.39739275	-0.12131932	-0.35212135	0.02450493	-0.40586802	0.42009422	0.010408492	0.40624928	0.34047768	0.33039957	0.09359689	-0.021146901	0.385841	-0.06875061	0.1905838	0.40662175	0.15229617	-0.11412483	-0.39237517	0.26847672	0.2716244	-0.37469155	-0.4033656	0.117301464	0.07931395	0.2461786	-0.3518385	-0.34783912	-0.30096015	-0.080282964	-0.018275036	0.010419852	0.20067522	0.04502344	-0.030184768	0.17495677	-0.3832221	-0.062115315	0.24794777	0.36042422	0.14411008	-0.031579938	0.22040358	-0.37619868	-0.034226824	0.37673005	0.19459231	0.17270452	-0.13529636	0.311568	-0.27084276	-0.2523164	-0.41917312	-0.051038295	0.10784227	0.056090448	0.20674445	-0.105031624	-0.16000232	0.08057966	-0.34993792	-0.12958337	0.2363046	-0.16538231	0.16140686	0.13715935	0.3058419	0.1262546	-0.024907906	-0.25221825	-0.039651044	-0.113619365	0.40126264	-0.30176237	-0.19399971	-0.3271729	0.18981963	-0.0183491	-0.25597078	-0.21919066	0.1717173	-0.1638105	0.13948902	-0.2471618	-0.20302811	0.18561059	-0.24609257	0.3147651	0.1225809	0.1157687	-0.34920457	-0.36103034	0.330295	0.41025904	-0.13563894	0.046272703	-0.250609	0.01856826	0.3666146	0.052367512
-0.18388233	0.29653767	0.07054926	-0.40120184	-0.059746005	-0.0019686255	-0.03094695	0.0715658	0.31842753	-0.27122316	0.0072899573	-0.20032173	-0.076555096	-0.30651134	-0.4019088	0.07281049	0.1969534	0.018089943	0.18626863	0.382367	0.3925002	-0.1316902	-0.40393677	0.005736557	-0.33893993	-0.19864002	-0.13101196	0.15648198	0.25012583	-0.20205009	0.17394716	-0.1991166	-0.27888823	0.25264567	0.40245813	0.15048246	-0.06676479	-0.32402912	0.21465227	0.30073774	-0.19780691	0.124645844	-3.6365763E-4	0.329706	-0.28883138	0.027603284	0.12518497	-0.060106948	0.03075689	0.15176192	0.34806794	-0.41116232	0.19358304	0.031964667	-0.2347428	-0.015468697	-0.22543097	0.15753698	0.14930873	-0.12449872	0.11263395	0.16940957	-0.33260515	0.35032603	-0.41142997	-0.31660974	0.02651788	-0.31365016	-0.36446807	0.04146614	-0.37655848	0.026130734	0.4121209	0.39312097	-0.1629007	0.22661138	-0.35904682	-0.14165074	0.022752168	-0.017353838	-0.17250697	-0.31629607	0.2071018	0.3536074	0.09348136	-0.36812618	-0.09229543	0.20774323	-0.30454174	-0.24384029	0.22800638	0.11507261	-0.049021494	-0.10582656	0.0700509	-0.262492	-0.33374444	0.20502895	0.36745483	-0.08900006	0.39891672	-0.12089052	0.38029307	0.26907772	-0.28582385	-0.16249026	0.22378817	-0.20351703	0.108764164	0.17789817	0.046520825	0.059966277	-0.32141897	0.21976124	0.03778827	0.14391455	-6.951751E-4	0.055461258	0.39717114	0.062278867	-0.36710238	-0.22812203	0.09067882	0.19948967	-0.13776208	-0.40866828	0.02254436	0.32549423	0.1798831	-0.24520963	0.0103294	0.09450252	0.37475064	-0.42062786	-0.3175795	0.3309777	-0.26306233	-0.27614263	-0.25944382	-0.23331684	-0.05903304	0.16425805	-0.21284789	0.30196267	-0.3711726	0.10579476	-0.3335818	-0.20794144	-0.24570207	0.3509234	-0.03470575	-0.077510975	-0.12325833	-0.4158107	-0.39631543	0.14113958	0.40252036	-0.1413604	-0.38823488	0.3817972	0.14298153	-0.024187133	-0.37984282	-0.2513473	-0.012314373	0.045685563	0.34341547	0.2811054	-0.0010654664	-0.33126745	0.23110037	0.28745496	0.03528052	0.14508082	0.008715986	0.33934522	0.0455123	-0.3933601	0.22625953	-0.07091755	-0.35556063	-0.1818878	0.27094406	-0.069573335	-0.017359197	0.066136435	-0.05077482	0.17490731	-0.032437515	-0.2522163	-0.011273028	-0.22953942	0.17017919	0.058448624	-0.21183643	0.3857163	0.1977958	-0.19439717	0.34602726	-0.10531553
0.27169415	0.023546128	0.24603699	-0.3966776	-0.35511062	-0.25123906	-0.37941396	-0.3902981	0.04177994	-0.04194771	0.099604934	0.41780254	-0.31574836	-0.022392888	-0.15622763	0.28379753	-0.3514522	-0.028171653	0.19522442	0.3986087	-0.02037933	-0.10202351	0.1702317	0.12495803	-0.07516497	0.061663866	-0.084861234	0.08203144	-0.08516713	-0.41198736	0.3170292	-0.21097748	-0.28577682	0.17483073	-0.017977199	0.16115226	-0.23721848	0.3540001	-0.2072289	0.15486959	-0.30558744	-0.2729646	-0.30346823	0.35976958	0.40322357	-0.34580106	0.05465405	-0.21534304	-0.28019485	0.34534115	-0.010066812	-0.40433708	0.22805625	-0.24345799	0.022976907	0.39488998	-0.24009001	-0.13017443	-0.35321414	0.29445052	-0.18027067	-0.23179932	0.26018995	0.2927701	-0.051981494	-0.1730997	-0.22465631	-0.26190525	-0.30185726	0.4223656	-0.032067806	0.24401799	0.286662	-0.2967083	-0.057751615	-0.35931048	0.2517285	0.20230879	0.2654465	0.052550606	0.40715352	0.2963691	-0.17021407	0.031557728	0.20638931	0.31917685	-0.301123	-0.41413912	-0.2538804	-0.3049284	0.09770512	-0.030114478	0.33486512	0.21032782	-0.09648054	0.113313645	-0.28941777	0.1515239	-0.1660246	0.22989196	0.34385586	0.2231968	0.3634146	0.20055975	-0.26352096	0.15697859	-0.3416615	-0.36585796	-0.26299712	0.24371554	-0.14587702	0.14786094	0.20639054	0.22068684	-0.2701592	0.09852389	0.19872355	-0.0145704225	0.15597911	-0.037730828	-0.37150273	0.25003886	0.4217301	-0.2387784	-0.3163925	-0.10153531	-0.22100843	0.10352666	0.011126301	0.30011803	-0.26421195	0.121429324	-0.011128175	-0.024194323	0.011689904	-0.11901932	-0.39877355	-0.2847446	-0.10670114	0.25248095	-0.13727891	-0.2193948	-0.25043905	-0.28787684	-0.32283863	0.002081561	0.1746274	-0.27687582	-0.39899856	0.38846081	0.039081573	-0.41825286	-0.052283496	-0.2067142	-0.39463022	-0.050464157	0.27481636	-0.33589077	0.2231046	0.118404925	-0.09917233	0.31510437	0.27192152	0.24089034	0.16619459	0.18211357	0.11581357	0.040270466	0.12763774	-0.2976497	0.14666998	0.14318201	-0.33202267	-0.33770925	0.32893363	-0.08319186	-0.28957686	-0.35312295	0.27196366	-0.19002725	-0.2528849	-0.0077956696	-0.30703688	-0.1900387	0.04330099	-0.15112461	-0.42220044	0.34443027	-0.31903827	0.28007373	-0.33162472	0.19123664	0.1553534	-0.31667614	-0.06406527	-0.03275685	-0.24520816	-0.24114047	-0.39747548	-0.30118692
-0.28761402	-0.22938621	0.315955	-0.0020494382	0.34774306	-0.39638668	-0.39589837	0.11324946	0.3286575	-0.08129726	-0.25533226	0.1897718	0.14168642	0.13352875	-0.087128915	0.24462777	0.15561648	0.24585322	-0.22090682	0.2763255	-0.07976239	0.41186774	-0.0808727	0.3137321	-0.41141155	0.13227768	0.27131608	0.312937	0.23502621	-0.41416442	-0.07101531	-0.3966415	0.4057303	-0.37249622	0.40088874	-0.11003882	0.34540492	0.21236004	0.016190153	-0.060892485	0.29120463	0.05330228	0.06338794	-0.27138993	-0.30227998	-0.031072598	-0.19378749	-0.17800154	0.2819283	0.054525126	0.07637558	-0.045163956	-0.1477011	0.28651506	1.1033479E-4	-0.1636877	-0.1592527	0.12926391	-0.013953416	0.3233968	-0.097927034	0.17155877	-0.39624828	-0.18578862	-0.17579179	0.39325327	0.34223434	-0.19971806	0.17652018	0.31465325	-0.05854084	0.11369952	0.30265453	-0.18588458	-0.22491707	0.41850048	-0.37062368	-0.2847564	-0.3469218	-0.4091303	-0.42310694	0.35441348	-0.3078932	-0.10917657	0.20756985	-0.0039854967	0.3846057	0.16966768	-0.17347996	0.010454887	0.18501872	0.39055067	-0.1477394	0.19178027	0.4111575	0.0049332506	-0.20651466	0.14826645	0.33039308	0.37596816	-0.16755852	0.30096188	0.17920293	-0.0409984	0.18210769	0.0465622	0.28606138	-0.21476698	-0.096637905	-0.338692	-0.0969161	0.052716136	0.04365535	-0.27812397	-0.13447994	0.09900618	-0.31514758	-0.05042519	-0.3149878	0.19114524	0.29361758	-0.25437197	-0.27397746	-0.31445685	-0.32496205	-0.2838469	-0.041203663	-0.02102255	0.37136406	-0.34000847	0.17515488	-0.33718392	-0.11134809	-0.3798527	-0.41319036	0.06173889	-0.120591976	0.0015193836	0.14172122	0.0039826864	-0.41270104	0.04125611	0.08343262	0.03376197	0.00505606	-0.27314052	-0.28547665	0.22380355	-0.16127154	0.3683966	-0.3387992	-0.38655868	0.28792515	0.2846472	-0.23752938	0.2081539	0.2725856	-0.24109982	0.21293604	0.14105463	0.09593039	-0.29623446	0.08506332	0.06162734	-0.3797947	0.13054574	-0.3026259	-0.030687856	-0.36911044	-0.3395454	0.3734017	0.32678932	-0.14537586	0.017093638	0.3133282	0.34124768	0.16778666	-0.099138215	0.32976907	-0.32016653	-0.4110396	0.08027669	0.3111325	0.3033737	0.3299283	0.042025387	-0.23049429	0.2665081	-0.25933948	-0.42083997	0.40652987	-0.3993828	0.013118291	-0.3999804	0.045581594	-0.10441564	0.28925982	-0.048995968	-0.1928632	-0.09753411
-0.3624008	-0.14250273	0.05422424	-0.20203044	0.41355893	0.26257083	-0.25247583	0.033350162	-0.028942466	-0.05755499	-0.24758194	-0.18509752	-0.031376563	0.111162476	-0.14196825	0.05415802	0.14355275	0.27157903	-0.36720777	0.3773624	0.4230358	-0.3404616	0.10879145	0.13732001	-0.42123812	-0.3557539	0.33604306	-0.13416338	0.034454778	-0.06324061	-0.1521804	-0.2687343	-0.3187585	-0.15851067	0.39524937	0.055550136	0.22940625	0.41140947	0.11687593	0.4017408	0.24798097	-0.17854846	0.027093442	0.04844786	0.049200002	-0.14814842	0.2793746	-0.26246506	0.19418573	-0.29516217	0.0039097215	0.02481255	-0.32045698	0.37709185	0.09852343	0.14589858	-0.11079926	0.08889665	-0.35626888	0.24836795	0.28103486	-0.21321738	0.04862141	-0.36014968	0.14049943	-0.41611442	0.27433202	-0.085493475	0.07014354	0.14494574	0.25133422	-0.008426769	0.42260084	0.006483924	0.26765618	-0.24373752	0.007067272	0.31349835	0.38590997	-0.30522004	0.41482538	-0.40903914	-0.04697735	0.08232989	0.037119403	-0.3503195	0.075571	0.26337042	-0.38525447	0.332706	-0.114705905	-0.33332574	-0.10847653	-0.028638804	-0.20762257	-0.18610059	-0.14854541	0.29908893	-0.09499059	-0.11678765	0.07598397	-0.33588532	0.41721314	0.07372482	0.08781444	0.16629621	0.24449243	0.07474313	-0.115174495	-0.17625433	0.21132514	-0.23958728	0.23113167	-0.13658538	-0.3925687	-0.26820067	-0.22586389	-0.21851116	0.36640996	0.13435648	0.34803087	-0.17713238	0.24647377	-0.27099463	-0.33079246	0.39187557	0.13823006	-0.24656092	0.32667002	-0.045416377	-0.021620605	-0.10426581	-0.01662151	0.34961024	-0.20320256	-0.3939347	0.38197967	0.009970031	-0.10215745	-0.3570942	-0.33528048	0.41020915	-0.36007577	0.3203974	-0.20796837	0.34976602	-0.018439274	0.36173213	-0.15325941	0.37628657	-0.26544586	-0.15602839	0.028876435	0.41796276	-0.11522728	0.2867644	0.21707256	0.38303137	-0.4139537	-0.0041644997	0.2048681	0.13940986	0.16777183	0.38531688	0.08308835	0.1392446	0.41876823	0.052850056	-0.38280043	-0.096511036	0.10411206	0.010249157	-0.17392413	-0.32593077	0.370479	-0.040503517	0.25018755	-0.04698055	-0.042517245	0.18906893	0.27811146	0.37337005	-0.25007695	-0.14903165	-0.4217347	0.248097	0.041129507	-0.32645583	0.018941808	-0.13955514	0.059346378	0.3701224	0.3940828	0.25119123	0.029662827	6.1021076E-4	-0.3192972	-0.28776455	-0.3123138	-0.2885026
-0.14261949	0.29280806	-0.017653335	-0.16936463	-0.17337488	0.08572858	0.19635852	0.09284182	-0.029779451	0.33430228	0.13983983	-0.4146039	-0.08319878	-0.24373688	-0.01876421	0.15533333	0.07708186	-0.14423382	-0.13685274	-0.19051027	-0.2641047	0.28181812	0.28963086	0.35089007	-0.26688054	0.29169503	0.36720473	-0.117166944	-0.20534034	-0.38906866	-0.02115765	0.30828345	0.050241806	-0.16593382	0.082624316	0.2114531	-0.14003235	0.3853397	0.0503389	-0.058953047	-0.27457833	0.042923138	-0.1450329	-0.2871079	-0.0062364405	-0.17104581	-0.28239632	-0.33791775	0.124112695	0.22073591	-0.19023298	-0.31957814	0.10012751	-0.20954767	-0.2708906	-0.34445906	0.039720718	0.03673604	-0.14922325	-0.14999498	0.23809305	-0.27689514	-0.3800422	-0.34242594	-0.15935148	0.027375747	0.04639402	0.20148313	0.14031357	-0.3285471	0.22759315	0.3819998	-0.26904377	0.37728283	0.29476154	-0.2313732	-0.35593703	-0.010968163	-0.17615002	0.28984705	-0.3016899	0.17832603	-0.004721651	-0.38630867	0.22588545	-0.08831104	0.32722938	0.29175755	-0.17275256	-0.39764747	0.33348078	-0.41899428	-0.0997097	0.33051232	0.33584273	-0.092152044	0.31567854	0.06574622	0.25407174	0.16166776	0.2225985	0.07862756	-0.297628	-0.1462861	-0.4022599	0.004951578	-0.23698634	-0.15833133	0.18284687	-0.03615672	0.30065122	0.41523194	-0.35748902	0.40598595	-0.33812243	-0.050891012	-0.019080855	0.07667454	0.119196504	0.2559349	-0.1504811	-0.4215895	0.27923268	0.3674623	-0.38938767	0.36530852	-0.18108559	0.3018812	-0.2548769	-0.14800449	-0.10493937	0.27474377	-0.0396435	-0.25270414	-0.3863219	-0.08535474	0.33367458	-0.36458915	0.013834597	-0.18693846	0.16073336	-0.32437637	0.0024977198	0.32265574	-0.19674852	0.25417536	0.3968863	-0.2679978	-0.0011092086	-0.31959796	-0.2804679	-0.27307415	0.040927686	0.047313187	-0.11355739	-0.22902459	-0.3554621	-0.03155959	-0.21563947	-0.35982332	-0.35355633	0.07481727	0.33723086	-0.25101447	0.26874694	-0.34107336	-0.21983042	0.11682112	-0.22691596	-0.26954994	0.3433514	-0.18954423	0.08727635	-0.143651	-0.26223254	-0.09790263	0.22469592	-0.20516755	-0.36645016	0.3487835	0.41270432	0.39810747	-0.09058607	-0.30366427	-0.3829616	-0.10053606	0.22598968	-0.18509617	-0.41315645	0.23782998	-0.07070859	-0.113753565	-0.33943957	-0.02177084	0.052200593	-0.10339213	0.18837865	0.35491893	0.42087176	-0.08372822
0.12473338	-0.0056748088	0.2909775	0.048556335	-0.29810375	-0.019588308	0.107928	0.4008431	-0.30121648	-0.022425476	0.3481533	-0.068193816	-0.15457988	-0.08110212	-0.29245377	0.05541674	-0.32382762	-0.37321135	-0.20842457	-0.2068217	-0.006348921	0.027696397	0.0046791225	-0.24931186	0.063649066	-0.16763747	0.17327887	0.08817593	-0.12950097	0.1131067	0.37029418	0.20514815	-0.28826863	0.31489477	-0.12056649	-0.19625713	0.24434665	-0.36372215	0.30815357	0.37313643	0.29074594	0.39787236	0.105282426	-0.26920345	-0.15876652	-0.173184	-0.3016528	-0.11390028	-0.3541984	0.39052984	-0.36943057	-0.24770075	0.21998595	0.146656	-0.16135715	-0.17224483	-0.18992268	-0.12354219	0.03247706	-0.1128609	-0.2857271	-0.21302871	-0.265474	0.32246482	-0.081558205	-0.081407756	0.28831792	-0.292435	0.044881925	-0.15570785	-0.35105878	0.31308544	0.106377974	0.28146714	0.05037609	0.18107803	-0.17523082	0.23566546	0.18322162	-0.03403487	-0.034652933	-0.28747907	0.32034078	0.088897064	0.2541565	0.14943123	0.35123333	-0.31430823	-0.030598644	-0.36237445	-0.35041854	0.05639281	0.28603068	0.14769211	-0.37444845	0.04824253	0.35622075	-0.2632873	-0.2239383	0.090015925	-0.20451388	-0.16296276	-0.15043375	-0.39065036	-0.025874285	-0.39656398	-0.33218944	-0.24097957	-0.12890173	0.105782345	-0.052585904	-0.2997022	0.3998369	0.032842506	0.08704888	-0.40797436	0.39237934	-0.08519751	-0.39074624	-0.13684861	-0.06680734	0.10075282	-0.28444925	-0.23502064	0.34133053	0.4180691	-0.3927201	0.40927902	-0.364571	-0.13163371	-0.41356	0.23479213	0.39831975	0.07515687	0.36870444	0.07272656	0.1594022	-0.021067528	0.24737297	0.30137375	-0.2433864	0.14067028	0.2730381	0.022620518	0.024854854	-0.28271416	-0.08778238	-0.14760894	0.12492169	-0.2844316	0.28020048	0.14475583	-0.19772963	-0.22421744	0.23871604	-0.19630727	0.05310882	0.3105633	-0.115473755	0.291837	-0.36239406	-0.3813921	0.31776562	-0.15279113	-0.009941089	-0.20347293	-0.14226472	-0.26889527	0.07574024	-0.19231592	-0.14414757	-0.27222618	0.3648039	-0.2730302	-0.28473365	-0.34712055	0.17183949	0.21081169	0.35071486	-0.16272086	0.07451741	0.35171118	0.0702046	0.37659153	0.098926485	-0.10882944	-0.30334556	-0.41526753	0.086792946	-0.19488649	-0.02036807	-0.06667924	-0.17713192	-0.22270375	0.036717337	-0.2934212	-0.190515	-0.005214889	0.20033991	-0.0876956
-0.11895071	-0.38487536	-0.005623219	-0.15456772	0.16323806	-0.046782464	-0.4005981	0.41293684	0.19003367	0.2634377	-0.1816536	0.2762828	-0.41641298	0.37099034	-0.18709458	0.31819072	0.054388706	0.1772883	0.26193538	0.13404647	0.0047303927	-0.11563717	0.110800885	-0.016569052	-0.036710653	-0.24764368	-0.12809797	0.3124363	0.03969546	0.115962744	-0.41054237	0.38874197	0.30955976	-0.28620616	-0.35804734	0.08869617	-0.27101007	0.27692905	0.31409684	-0.044120263	-0.031573795	0.42234322	0.064331695	-0.046337187	0.17807062	-0.10317776	0.14190497	0.06692795	-0.1152711	-0.13293727	0.081828766	-0.2527273	-0.39438632	-0.3088973	0.4018596	-0.14214534	-0.051828697	0.1438573	0.06278658	-0.078527935	-0.08116168	-0.027834568	-0.16345114	-0.3802343	-0.2857692	-0.20764235	0.12595315	-0.2631109	-0.15071826	0.07978463	0.25023332	-0.07940697	0.30389142	0.38445884	0.004062463	0.22558141	0.09946257	0.23426095	0.050245184	-0.2532442	-0.13363422	-0.30190817	0.33253697	0.07927596	-0.21027304	-0.17523448	0.08830202	0.15589355	0.3524508	0.09155429	-0.33456644	-0.37373093	-0.060663566	0.018049093	-0.3851521	-0.07479652	-0.259237	0.07374181	0.2324197	0.1808811	-0.09805091	-0.3749732	-0.28433928	-0.045787115	0.10990511	-0.26510486	-0.1326096	-0.19570729	-0.020196954	-0.016485626	-0.030647328	-0.21989638	-0.21708122	0.3459091	-0.19185713	-0.42045143	0.18323602	-0.15957652	0.37827644	0.05312898	-0.36696663	0.26153734	0.4062839	-0.21745609	-0.35866433	-0.2839783	0.035143	0.19843481	-0.3381001	0.031075943	0.10886941	-0.36210456	-0.17442635	-0.063437276	-0.36829612	0.35153663	-0.10388052	-0.39092413	-0.35183975	0.3788371	0.29157218	-0.3878981	-0.42019677	0.10564202	0.32865393	-0.017595153	-0.12789564	0.28493947	-0.18848552	-0.2614469	0.22024603	-0.41272008	0.38279206	-0.060500458	0.17756782	0.22958727	-0.22072315	-0.30456012	0.37912586	-0.04278687	0.326347	0.322897	0.1968496	-0.37151894	-0.27798054	-0.2445228	-0.048334092	-0.33425426	-0.348675	0.22244056	-0.22760898	0.21937339	-0.3986203	0.21617031	-0.4054642	-0.08915321	0.15830465	0.047557242	0.19373213	0.31312782	0.0653667	-0.20970854	0.22540869	-0.08529834	-0.29288304	0.24790889	0.045622576	-0.20142272	0.24447381	-0.31661284	-0.2413732	-0.11819788	0.118964255	-0.21100347	-0.01828684	0.26175702	-0.31050795	-0.36190906	-0.17288297	0.3534389
0.27452752	-0.30271518	0.33189666	-0.02585295	0.15930988	0.030297825	0.07036784	-0.4241289	-0.32083154	0.059260674	-0.37053502	0.2955968	0.29678643	-0.31896123	0.20410202	-0.28663793	-0.30014858	0.35737655	0.17477863	-0.019014958	-0.23397844	-0.28181452	0.14047195	-0.22240044	-0.3095652	-0.14660607	0.10607974	-0.018762916	-0.26181284	0.40511364	-0.3555808	0.185642	0.38125774	-0.21250351	0.22462408	-0.32137352	-0.33138385	-0.07607739	0.303434	0.058030725	-0.057227094	-0.007129081	0.12651207	0.08531113	-0.06717099	0.21080185	0.2268253	-0.08540279	-0.032272637	-0.15064849	-0.35369265	0.3828197	0.41001275	-0.039793268	0.40093818	-0.3018684	-0.24899921	-0.31811726	0.37907144	0.15661588	-0.05642158	0.03908536	0.17179447	0.35839126	0.13654855	-0.1017645	0.42116886	0.0533423	0.14054933	0.2681503	0.09734194	0.28743938	0.41841885	-0.034112845	0.05700884	-0.120255075	0.29131338	0.25848192	-0.38657364	0.36246753	0.30055213	0.3049838	0.05688021	0.090206005	0.14112528	0.26572523	0.07882928	0.11991205	0.11495513	-0.36381286	-0.10247817	-0.268096	-0.26892832	0.16133988	-0.041710123	-0.14323471	0.14739102	0.079668954	-0.120553195	0.25479007	-0.39877138	0.3817292	0.2787673	0.27080336	0.28341928	0.16614968	-0.18619424	-0.33332512	-0.4113727	0.20483416	-0.4138314	0.21720675	0.31269103	0.05333267	-0.030589754	-0.33800796	0.25397575	0.122674145	-0.17326525	0.29909006	0.18848372	-0.13054042	-0.0892657	0.10085798	-0.11266088	-0.1374747	-0.17526199	-0.11244289	0.14250933	0.18882084	0.3683296	0.039753918	-0.18049344	0.1734063	-0.22274072	0.24640746	-0.06341363	0.19974665	0.34325802	-0.28571162	0.38682872	-0.33510357	-0.16759805	0.07373288	0.31861287	-0.06519501	-0.078603946	-0.35717377	0.27183178	-0.037632313	-0.26115906	0.2142553	0.19925423	0.07531837	0.2306637	-0.36829072	0.3149372	-0.24675779	0.13525699	0.19380023	0.20464908	0.046272457	0.011466729	0.27682036	0.20235339	0.020823175	0.41806895	0.20977724	0.11109816	-0.40856108	-0.03233613	0.11420712	-0.18388417	-0.24833728	0.3365966	0.19114536	0.045411248	-0.37004232	0.16960938	0.0644179	0.41061243	-0.10943609	-0.15243	-0.3130968	-0.2992813	0.3133584	-0.30799448	0.3977407	0.13161522	-0.105501495	-0.35403353	0.36800796	0.068117425	0.25216228	0.17271581	0.025575377	-0.3026852	0.1547175	0.31013298	0.07050529
-0.40503928	0.1557107	-0.16020031	0.15633458	-0.35090065	0.10504319	-0.41925314	0.41014147	-0.3417122	-0.1679721	0.1446893	0.14418839	-0.038502384	0.21491627	0.23317811	-0.138747	0.18576165	0.31900716	-0.24248429	0.14138287	-0.34749836	-0.2903075	-0.31153277	-0.16473314	0.3315046	-0.025315946	0.37676302	0.37716213	0.3481868	0.19927917	-0.077271976	-0.24841683	0.13690636	0.22048847	-0.38772458	-0.39244837	0.35614488	-0.23745492	0.042829525	-0.055943754	0.082354516	-0.06898352	-0.15686548	0.061895195	0.1256419	-0.049670488	0.12325208	0.18642199	-0.31723955	-0.02404522	-0.35890323	0.016842753	-0.3327299	0.1546202	0.11839893	0.16258216	0.14984511	-0.17995252	0.020751093	0.12832575	-0.01143055	0.2233971	-0.23531385	-0.13781099	-0.20973115	-0.25278178	0.29290494	-0.2070702	0.08248667	0.4192519	-0.42291135	-0.038915005	0.046592865	0.41618764	-0.13023996	0.3813544	0.054929134	-0.12961634	0.30592972	-0.06465304	-0.3706	-0.33838835	0.36353934	-0.31798008	0.1424871	-0.056972947	-0.364629	-0.32341504	-0.2917285	-0.023786813	-0.06819298	-0.32884488	-0.3753498	-0.36298123	0.16899034	0.26062864	-0.13752967	-0.11932083	0.03242784	0.23849411	-0.09352937	0.40001735	0.3307668	0.27960807	0.010702399	0.27375415	0.3636741	-0.010994689	0.30652502	-0.3564869	0.120034575	-0.07792758	0.18496224	-0.33559522	0.40826026	0.36875942	0.27635187	0.4154068	0.28157964	-0.365851	0.046783417	-0.3829243	0.24094996	-0.39786184	-0.06594257	-0.1571316	-0.23109497	0.02002977	0.20157294	-0.2333689	-0.031360455	-0.011402301	0.02614586	-0.39897844	-0.23540461	0.21882303	-0.18588798	-0.41198397	-0.15396732	0.19880421	-0.026814979	0.18131962	0.2091821	0.22822855	0.076338746	0.17896652	0.06346404	-0.3927588	-0.32652715	-0.17326656	0.1093436	0.3803446	-0.18743476	-0.28968468	-0.17674522	-0.21628958	0.22240095	-0.079195976	-0.014280523	0.06371502	0.0633503	0.19695129	-0.010789277	-0.4072225	0.091628306	0.3431602	-0.2260608	-0.2862915	0.14406374	-0.25484434	-0.061048195	0.110529125	-0.057520766	0.28074288	-0.35608765	0.05372701	-0.055477522	-0.40656602	0.17328797	-0.38169944	-0.3195382	0.41097024	-0.39934906	0.07946521	0.28851575	0.106949314	-0.14849845	0.39748642	0.043328248	-0.05141221	0.24559824	-0.21640724	-0.31642517	-0.27644876	0.3037566	0.40284318	0.31500947	0.30112135	-0.0042168046	0.27514237
-0.09314147	0.3820605	-0.34315285	-0.2748947	-0.0953603	-0.25798094	-0.34778228	0.0073235603	-0.28292957	-0.054801248	0.23195969	-0.29127145	-0.111399464	0.08866255	-0.3584981	0.22265774	-0.09519491	-0.12529376	-0.18738915	0.100333236	0.14775364	0.23988236	0.22813986	-0.42330778	-0.032419156	0.14293376	-0.04900536	0.118022	-0.38583493	-0.22038855	0.2095236	0.092363924	-0.26440126	0.18767823	0.15482938	-0.13251819	-0.27040166	0.30603915	0.32790333	-0.1817004	0.30383804	0.2258221	0.16930263	-0.18967439	0.1795424	-0.17067955	0.13788326	-0.14063106	0.21039918	0.13410453	0.14447626	-0.23290825	-0.13161172	-0.15627287	-0.064772114	0.26969385	0.19284034	-0.2817776	-0.046746217	-0.2345755	0.35311157	-0.20173095	-0.021088138	-0.23755957	-0.1817836	0.31906313	-0.083634906	-0.07562251	-0.1347818	-0.09187048	-0.2792038	-0.09343476	0.04183062	-0.32134286	0.1714771	0.17605758	-0.39760935	0.3703936	-0.39878142	0.042640846	0.121348016	-0.3545046	0.34536907	0.39875385	0.32744765	-0.16824356	-0.41418839	0.42104352	0.0025467642	-0.31789562	0.117505886	-0.31168154	-0.2675049	-0.018052088	-0.21023206	-0.1936926	-0.35363942	-0.1005662	0.05007516	0.15789019	-0.3476119	-0.16386178	0.1357233	0.31234443	-0.017544016	-0.085968226	-0.3782871	-0.16461992	0.3303163	-0.33768007	0.4177833	0.31653446	0.42307296	-0.28555202	0.028883783	0.4051145	0.067018904	0.104616515	-0.07122422	0.33326846	-0.11321829	-0.11982648	0.19979164	-0.29858288	0.28122127	-0.0901155	-0.21007133	0.3588419	0.3500386	-0.032534853	-0.38339514	0.21473211	-0.002555271	-0.24219248	0.2691107	-0.3291371	-0.29816946	-0.11686948	0.38247594	0.19036126	0.17625774	-0.13908237	-0.4014518	-0.04493464	0.1716376	0.004223311	0.22351627	0.07043728	0.08298372	-0.41016725	0.22471915	0.15890518	0.37164214	0.289212	-0.12538965	0.090701595	-0.39214396	-0.34278074	0.06552219	0.3199349	0.14395186	0.35623053	-0.085428394	-0.01425247	0.15177466	-0.26330018	0.29039294	0.21277559	0.119509324	0.10425907	-0.091795646	-0.32356656	-0.3659417	-0.35652098	0.05703487	-0.17589523	-0.35619888	-0.047075074	0.23213324	-0.30784407	0.09386297	0.16462463	0.03242685	-0.11658728	-0.2658779	-0.32827586	-0.07441406	0.31525028	0.35054925	-0.16472779	0.18525307	0.2689195	0.2770954	0.118702345	-0.3037794	-0.35130012	0.10587718	-0.061953917	0.081466526	-0.2203765
0.040359143	0.05379439	-0.3670115	-0.40440056	-0.31322765	-0.32679057	0.3889765	0.4043725	0.19426696	0.012229427	-0.31942108	0.22574578	0.089304134	-0.39938596	-0.2793499	-0.27875847	0.37576815	0.26013938	-0.10084947	-0.32209045	-0.24348058	0.28430495	0.08406813	0.008744955	0.18402597	0.041689854	-0.09864021	-0.00929989	0.14549491	0.20683213	-0.08658484	0.2181885	0.23247847	0.041249003	0.2769917	0.41468373	-0.3778778	-0.11711441	0.13455385	-0.26799548	0.41515067	0.21914798	-0.14305498	-0.36884013	-0.40550315	0.14442156	0.09599815	0.4087909	0.4075374	-0.24920484	0.16034219	0.18976215	0.16482176	-0.02287235	-0.30538058	0.31589308	0.4095937	-0.09117607	0.15504068	0.15164882	-0.09824271	-0.026677987	0.18830028	-0.14197421	0.084664494	-0.22025405	-0.2523411	0.1648776	-0.1758925	0.3447883	-0.30565387	-0.06036095	0.101373605	0.10447769	-0.33701077	0.28449842	-0.33719233	0.10127714	-0.30526668	-0.33107147	-0.11979041	0.25451106	-0.2519234	0.059943274	-0.30381253	0.12288187	0.1742124	-0.37716937	0.12880519	0.051015075	0.26146936	-0.3172566	-0.41457126	0.10262396	-0.25910905	0.12736794	-0.31231335	-0.39292094	-0.3695337	0.25520048	0.06077083	0.3775846	-0.2214122	0.17295526	-0.374405	0.35513523	-0.32369563	0.28135428	0.34738547	-0.29654175	-0.07145638	0.028830968	0.41212758	0.058961283	0.42255554	0.36199886	-0.41240367	-0.32918704	0.18582326	0.38672346	0.20614469	-0.021368451	-0.024328768	0.28036296	0.15652733	0.36033967	0.09311345	0.20845324	0.31706288	0.22389092	0.15717526	0.0075220657	-0.39047483	-0.22144581	0.04062993	-0.33642575	0.048695162	0.13123831	0.12304119	-0.15865928	0.13753718	0.072976016	-0.17225666	0.15891887	0.13431704	0.41577706	0.2721017	0.32259956	-0.26689747	0.035405308	-0.35413498	0.4173201	-0.30515143	-0.09622734	-0.037346486	0.28673264	-0.29694265	0.40295294	-0.05502128	0.37672052	-0.29611632	0.38376397	0.3209096	0.33505303	0.18600181	-0.3450251	-0.4183403	-0.24838275	-0.40244204	0.3328802	0.38744313	-0.31415242	0.14137584	-0.14725214	0.27049458	0.23463526	-0.3149393	-0.3857091	-0.26713645	-0.12104339	0.42363977	-0.055918314	-0.3355248	-0.25506368	0.14525163	-0.32300267	0.19813378	0.21962412	0.4062899	0.16570054	-0.10739448	0.41147304	0.27999946	0.06287236	0.2898413	-0.29559928	0.046056066	0.15495469	-0.07351276	0.17674522
0.12444809	-0.04100353	0.107754126	-0.2700555	-0.3147086	0.30172405	0.25285968	0.39007866	0.053549133	0.16572382	0.11932384	0.28565097	0.15882593	0.17292322	-0.29946956	0.3466194	0.22234099	0.34828767	0.17887649	0.31690228	-0.047515105	0.26529115	0.1887691	0.055798154	-0.26901165	-0.216738	0.32830444	0.20367546	0.10863071	0.18540391	0.31004712	0.2242677	-0.21634547	-0.2752544	0.19950436	0.35410112	-0.24826643	-0.25442395	0.31609395	0.19680998	-0.33417484	0.3979373	0.15832826	-0.31386518	0.17565545	-0.27785987	-0.11216715	-0.014489527	-0.18654355	-0.12387248	0.057274666	-0.12090752	-0.11792042	-0.3807229	-0.26405427	0.33475804	-0.23563297	0.24295315	0.18467997	-0.33544624	0.18750761	-0.30217728	0.04613244	-0.2411322	0.20649607	-0.41216907	-0.058608003	0.3381485	-0.0061869193	0.2738358	-0.012483498	-0.34873715	-0.2797717	0.15332724	0.3668892	0.27091673	-0.13107058	0.1615499	-0.016217846	0.32377568	0.38017365	-0.2878812	0.36002117	-0.09872909	0.39652732	-0.0015823519	0.063380845	0.18862556	0.40642476	-0.16592257	0.1850371	-0.3102611	-0.22647132	-0.039978184	0.19818132	-0.09902549	-0.40527448	-0.4161571	-0.08436423	-0.028130084	-0.09611741	-0.25242895	-0.25515276	-0.13656805	-0.21934706	-0.3619664	-0.3393754	0.27404085	-0.18554428	-0.3264962	0.30066285	0.040276714	0.115621	0.3502437	0.033165473	-0.057685804	-0.34693488	-0.1578513	-0.1156803	-0.25479564	0.21220908	-0.324197	0.03657506	0.19171973	0.19099283	-0.420618	0.26161045	-0.28805995	0.19577034	-0.121725574	-0.36172324	-0.33626404	0.19749618	0.21694267	0.021591663	0.2555444	0.32827282	0.08331665	-0.25344756	3.133659E-4	0.11733914	0.04807101	-0.25978366	0.27231514	0.0025519629	0.22612697	-0.26403123	-0.23277545	-0.42359808	0.013187622	0.11887681	-0.2897679	0.3073526	0.097741105	-0.1658841	0.12600678	-0.42396283	0.24080107	-0.18768851	0.40521544	0.052034598	0.27896678	-0.30798814	-0.34652746	0.28455108	0.25884578	0.3496317	0.09565544	0.40531155	0.34368408	-0.27473694	-0.05712348	-0.30213013	0.05062826	-0.10380922	-0.014522041	0.29301023	0.019550912	0.4108029	-0.3204107	-0.41957256	0.3012692	0.3901175	0.2619312	-0.100667745	0.3436065	-0.09711362	0.3696452	0.25027728	-0.11943234	0.40428537	-0.41526034	0.30513033	0.1377404	-0.136373	-0.16766989	-0.21722455	0.4062903	0.29246983	-0.3305347
